{
    "MTposition": "4.550000",
    "MTpositionStep": "0.000000",
    "unboundKinesins": [
        {
            "id": "0",
            "mountCoordinate": "5.036356"
        },
        {
            "id": "1",
            "mountCoordinate": "5.168847"
        },
        {
            "id": "2",
            "mountCoordinate": "5.177773"
        },
        {
            "id": "3",
            "mountCoordinate": "5.161364"
        },
        {
            "id": "4",
            "mountCoordinate": "5.082045"
        }
    ],
    "unboundMaps": [
        {
            "id": "0",
            "mountCoordinate": "5.020599"
        },
        {
            "id": "1",
            "mountCoordinate": "5.043900"
        },
        {
            "id": "2",
            "mountCoordinate": "5.125952"
        },
        {
            "id": "3",
            "mountCoordinate": "5.171985"
        },
        {
            "id": "4",
            "mountCoordinate": "5.008255"
        }
    ]
}
