{
    "MTposition": "4.151706",
    "MTpositionStep": "-0.000485",
    "boundKinesins": [
        {
            "MTsite": "225",
            "id": "4",
            "mountCoordinate": "5.064107",
            "springLength": "-0.015788"
        },
        {
            "MTsite": "225",
            "id": "0",
            "mountCoordinate": "5.037016",
            "springLength": "0.008435"
        }
    ],
    "boundMaps": [
        {
            "MTsite": "220",
            "id": "0",
            "mountCoordinate": "5.030885",
            "springLength": "-0.000982"
        },
        {
            "MTsite": "222",
            "id": "2",
            "mountCoordinate": "5.023990",
            "springLength": "0.011048"
        }
    ],
    "unboundKinesins": [
        {
            "id": "1",
            "mountCoordinate": "5.186308"
        },
        {
            "id": "2",
            "mountCoordinate": "5.189546"
        },
        {
            "id": "3",
            "mountCoordinate": "5.096950"
        }
    ],
    "unboundMaps": [
        {
            "id": "1",
            "mountCoordinate": "5.139773"
        },
        {
            "id": "4",
            "mountCoordinate": "5.126548"
        },
        {
            "id": "3",
            "mountCoordinate": "5.097035"
        }
    ]
}
