{
    "MTposition": "4.550000",
    "MTpositionStep": "0.000000",
    "unboundKinesins": [
        {
            "id": "0",
            "mountCoordinate": "5.014145"
        },
        {
            "id": "1",
            "mountCoordinate": "5.167990"
        },
        {
            "id": "2",
            "mountCoordinate": "5.024266"
        },
        {
            "id": "3",
            "mountCoordinate": "5.113862"
        },
        {
            "id": "4",
            "mountCoordinate": "5.087412"
        }
    ],
    "unboundMaps": [
        {
            "id": "0",
            "mountCoordinate": "5.003750"
        },
        {
            "id": "1",
            "mountCoordinate": "5.008126"
        },
        {
            "id": "2",
            "mountCoordinate": "5.049578"
        },
        {
            "id": "3",
            "mountCoordinate": "5.018710"
        },
        {
            "id": "4",
            "mountCoordinate": "5.138965"
        }
    ]
}
