{
    "MTposition": "4.550000",
    "MTpositionStep": "0.000000",
    "unboundKinesins": [
        {
            "id": "0",
            "mountCoordinate": "5.037016"
        },
        {
            "id": "1",
            "mountCoordinate": "5.186308"
        },
        {
            "id": "2",
            "mountCoordinate": "5.189546"
        },
        {
            "id": "3",
            "mountCoordinate": "5.096950"
        },
        {
            "id": "4",
            "mountCoordinate": "5.064107"
        }
    ],
    "unboundMaps": [
        {
            "id": "0",
            "mountCoordinate": "5.030885"
        },
        {
            "id": "1",
            "mountCoordinate": "5.139773"
        },
        {
            "id": "2",
            "mountCoordinate": "5.023990"
        },
        {
            "id": "3",
            "mountCoordinate": "5.097035"
        },
        {
            "id": "4",
            "mountCoordinate": "5.126548"
        }
    ]
}
