{
    "MTposition": "4.211230",
    "MTpositionStep": "0.000939",
    "boundKinesins": [
        {
            "MTsite": "206",
            "id": "1",
            "mountCoordinate": "5.036998",
            "springLength": "-0.007263"
        },
        {
            "MTsite": "223",
            "id": "3",
            "mountCoordinate": "5.114782",
            "springLength": "-0.017076"
        }
    ],
    "boundMaps": [
        {
            "MTsite": "201",
            "id": "0",
            "mountCoordinate": "5.036799",
            "springLength": "-0.025035"
        },
        {
            "MTsite": "209",
            "id": "1",
            "mountCoordinate": "5.019964",
            "springLength": "0.021728"
        },
        {
            "MTsite": "212",
            "id": "2",
            "mountCoordinate": "5.043931",
            "springLength": "0.010471"
        },
        {
            "MTsite": "222",
            "id": "4",
            "mountCoordinate": "5.085353",
            "springLength": "0.008502"
        }
    ],
    "unboundKinesins": [
        {
            "id": "2",
            "mountCoordinate": "5.156336"
        },
        {
            "id": "0",
            "mountCoordinate": "5.133819"
        },
        {
            "id": "4",
            "mountCoordinate": "5.088383"
        }
    ],
    "unboundMaps": [
        {
            "id": "3",
            "mountCoordinate": "5.166668"
        }
    ]
}
