{
    "MTposition": "4.136078",
    "MTpositionStep": "-0.000195",
    "boundKinesins": [
        {
            "MTsite": "225",
            "id": "0",
            "mountCoordinate": "5.013661",
            "springLength": "0.017392"
        },
        {
            "MTsite": "225",
            "id": "4",
            "mountCoordinate": "5.021035",
            "springLength": "0.012060"
        }
    ],
    "boundMaps": [
        {
            "MTsite": "219",
            "id": "3",
            "mountCoordinate": "5.018562",
            "springLength": "-0.012098"
        }
    ],
    "unboundKinesins": [
        {
            "id": "1",
            "mountCoordinate": "5.132944"
        },
        {
            "id": "3",
            "mountCoordinate": "5.185257"
        },
        {
            "id": "2",
            "mountCoordinate": "5.038823"
        }
    ],
    "unboundMaps": [
        {
            "id": "4",
            "mountCoordinate": "5.177942"
        },
        {
            "id": "2",
            "mountCoordinate": "5.165236"
        },
        {
            "id": "1",
            "mountCoordinate": "5.179268"
        },
        {
            "id": "0",
            "mountCoordinate": "5.045143"
        }
    ]
}
