{
    "MTposition": "4.142736",
    "MTpositionStep": "-0.000598",
    "boundKinesins": [
        {
            "MTsite": "224",
            "id": "2",
            "mountCoordinate": "5.024266",
            "springLength": "0.010686"
        },
        {
            "MTsite": "224",
            "id": "0",
            "mountCoordinate": "5.014145",
            "springLength": "0.021857"
        }
    ],
    "boundMaps": [
        {
            "MTsite": "216",
            "id": "0",
            "mountCoordinate": "5.003750",
            "springLength": "-0.000330"
        },
        {
            "MTsite": "209",
            "id": "1",
            "mountCoordinate": "5.008126",
            "springLength": "-0.033009"
        },
        {
            "MTsite": "225",
            "id": "3",
            "mountCoordinate": "5.018710",
            "springLength": "0.021224"
        }
    ],
    "unboundKinesins": [
        {
            "id": "1",
            "mountCoordinate": "5.167990"
        },
        {
            "id": "3",
            "mountCoordinate": "5.113862"
        },
        {
            "id": "4",
            "mountCoordinate": "5.087412"
        }
    ],
    "unboundMaps": [
        {
            "id": "4",
            "mountCoordinate": "5.138965"
        },
        {
            "id": "2",
            "mountCoordinate": "5.049578"
        }
    ]
}
