{
    "MTposition": "4.550000",
    "MTpositionStep": "0.000000",
    "unboundKinesins": [
        {
            "id": "0",
            "mountCoordinate": "5.133819"
        },
        {
            "id": "1",
            "mountCoordinate": "5.036998"
        },
        {
            "id": "2",
            "mountCoordinate": "5.156336"
        },
        {
            "id": "3",
            "mountCoordinate": "5.114782"
        },
        {
            "id": "4",
            "mountCoordinate": "5.088383"
        }
    ],
    "unboundMaps": [
        {
            "id": "0",
            "mountCoordinate": "5.036799"
        },
        {
            "id": "1",
            "mountCoordinate": "5.019964"
        },
        {
            "id": "2",
            "mountCoordinate": "5.043931"
        },
        {
            "id": "3",
            "mountCoordinate": "5.166668"
        },
        {
            "id": "4",
            "mountCoordinate": "5.085353"
        }
    ]
}
