{
    "MTposition": "4.152497",
    "MTpositionStep": "0.000547",
    "boundKinesins": [
        {
            "MTsite": "224",
            "id": "0",
            "mountCoordinate": "5.036356",
            "springLength": "0.007486"
        }
    ],
    "boundMaps": [
        {
            "MTsite": "219",
            "id": "0",
            "mountCoordinate": "5.020599",
            "springLength": "0.003432"
        },
        {
            "MTsite": "213",
            "id": "4",
            "mountCoordinate": "5.008255",
            "springLength": "-0.007572"
        }
    ],
    "unboundKinesins": [
        {
            "id": "2",
            "mountCoordinate": "5.177773"
        },
        {
            "id": "1",
            "mountCoordinate": "5.168847"
        },
        {
            "id": "3",
            "mountCoordinate": "5.161364"
        },
        {
            "id": "4",
            "mountCoordinate": "5.082045"
        }
    ],
    "unboundMaps": [
        {
            "id": "3",
            "mountCoordinate": "5.171985"
        },
        {
            "id": "2",
            "mountCoordinate": "5.125952"
        },
        {
            "id": "1",
            "mountCoordinate": "5.043900"
        }
    ]
}
