{
    "MTposition": "4.416072",
    "MTpositionStep": "-0.001241",
    "boundKinesins": [
        {
            "MTsite": "150",
            "id": "5",
            "mountCoordinate": "5.006793",
            "springLength": "0.007850"
        },
        {
            "MTsite": "150",
            "id": "2",
            "mountCoordinate": "5.017287",
            "springLength": "-0.004553"
        }
    ],
    "unboundKinesins": [
        {
            "id": "3",
            "mountCoordinate": "5.144720"
        },
        {
            "id": "1",
            "mountCoordinate": "5.174677"
        },
        {
            "id": "4",
            "mountCoordinate": "5.070096"
        },
        {
            "id": "0",
            "mountCoordinate": "5.089244"
        }
    ]
}
