{
    "SimulationParameters": {
        "totalTime": "6",
        "timeStep": "1.e-6",
        "saveFrequency": "10000",
        "extGaussianseed": "1",
        "extUniformseed": "12",
        "stopSimIfNoMAPsKinesinsTmin": "1.",
        "useInitialSetup": "0",
        "initialSetupfile": "C:\\Users\\Tolya\\Desktop\\gliding_simulator\\v1.0\\launcher\\end_retention_movies\\new2_cenpe\\counter_571_iteration_1_initial_state_dump.json",
        "BeadsSprings": "0.",
        "TimeMinLog": "0.",
        "extMountseed": "12"
    },
    "Configuration": {
        "Name": "\"Default\"",
        "ModelParameters": {
            "EtaMT": "0.002",
            "KINESINstiffness": "200",
            "vUnloaded": "0.166",
            "forceVelocityOn": "1.",
            "thermalNoiseOn": "1.",
            "freeSpringLength": "0.0",
            "T": "300.",
            "constantForceonMT": "0.",
            "kinesinPparam": "0.5773",
            "MAPsDiffusion": "1.",
            "Fstall": "4.0",
            "dMT": "0.025",
            "MAPforcesOn": "1.0",
            "MAPstiffness": "200",
            "omega": "1.0",
            "KINESINforcesOn": "1.0",
            "deltaPeriod": "0.004",
            "hMT": "0.015",
            "MAPfsmPar": "0.002",
            "MAPunbindBorderFreq": "0.",
            "KinesinunbindBorderFreq": "0.",
            "kinesinForceUnbindingA": "8.051",
            "kinesinForceUnbindingFd": "1.928",
            "numberMAPsInOneSite": "1.0",
            "numberKinesinsInOneSite": "1.0",
            "useKinesinBindingKon": "1.",
            "useMAPBindingKon": "1.",
            "KinesinKon": "12.",
            "MAPKon": "12.",
            "MAPKoff": "2.5",
            "MAPfsmParforKoff": "0.0002",
            "kinesinDparam": "0.00279",
            "kinesinOneDet": "0.79",
            "kinesinOneLinfsp": "1.56",
            "kinesinOneExpfsp": "0.068",
            "dynamicMT": "0.",
            "MTgrowthrate": "0.",
            "MTshrinkrate": "1.",
            "useMAPunbindingThreshold": "0.",
            "MAPunbindingThresholdisExponential": "0.",
            "MAPThresholdRight": "0.025",
            "MAPThresholdLeft": "0.015",
            "MAPAssymDiffusion": "1.",
            "MAPDiffSmRight": "0.0002",
            "MAPDiffSmLeft": "0.0002",
            "trapsringStiffness": "10.",
            "beadspringDiffusion": "0.5",
            "extensionCriticalLength": "0.03",
            "criticalStiffness": "2000."
        },
        "LoggerParameters": {
            "FilenameTemplate": "PrefixName",
            "FilePath": "C:\\Users\\Tolya\\Desktop\\gliding_simulator\\v1.0\\results\\"
        },
        "InitialConditions": {
            "MAPdistance": "10.0",
            "KINESINdistance": "10.0",
            "surfaceLength": "5.2",
            "MTlength": "0.6",
            "MTposition": "4.8",
            "surfaceMAPstartPoint": "5.",
            "surfaceKINESINstartPoint": "5.",
            "Monitorkinesin": "10.0",
            "MonitorMAP": "10.0",
            "watchMAPs": "1.",
            "watchKinesins": "1.",
            "kinesinUnbinding": "1.",
            "stopSimIfNoMAPsKinesins": "0.",
            "oldInitialMount": "0.",
            "numberKinesins": "6",
            "numberMAPs": "0",
            "MAPUnbinding": "1.",
            "useKinesinOneparams": "0.",
            "watchMAPsCircularBuffer": "0.",
            "watchKinesinsCircularBuffer": "0.",
            "fulllogMAPsKinesins": "0."
        },
        "Configurations": [
            {
                "Name": "motor__counter_902_iteration_12"
            }
        ]
    }
}