{
    "MTposition": "4.902921",
    "MTpositionStep": "0.000078",
    "boundMaps": [
        {
            "MTsite": "57",
            "id": "3",
            "mountCoordinate": "5.102571",
            "springLength": "0.023975"
        },
        {
            "MTsite": "60",
            "id": "1",
            "mountCoordinate": "5.148590",
            "springLength": "-0.009822"
        },
        {
            "MTsite": "42",
            "id": "0",
            "mountCoordinate": "5.058095",
            "springLength": "0.008990"
        },
        {
            "MTsite": "62",
            "id": "5",
            "mountCoordinate": "5.154084",
            "springLength": "-0.007800"
        },
        {
            "MTsite": "64",
            "id": "4",
            "mountCoordinate": "5.143515",
            "springLength": "0.011406"
        },
        {
            "MTsite": "35",
            "id": "2",
            "mountCoordinate": "5.043606",
            "springLength": "-0.004874"
        }
    ],
    "unboundMaps": [
        {
            "id": "6",
            "mountCoordinate": "5.133697"
        }
    ]
}
