{
    "MTposition": "4.900000",
    "MTpositionStep": "0.000000",
    "unboundMaps": [
        {
            "id": "0",
            "mountCoordinate": "5.058095"
        },
        {
            "id": "1",
            "mountCoordinate": "5.148590"
        },
        {
            "id": "2",
            "mountCoordinate": "5.043606"
        },
        {
            "id": "3",
            "mountCoordinate": "5.102571"
        },
        {
            "id": "4",
            "mountCoordinate": "5.143515"
        },
        {
            "id": "5",
            "mountCoordinate": "5.154084"
        },
        {
            "id": "6",
            "mountCoordinate": "5.133697"
        }
    ]
}
