{
    "MTposition": "4.900000",
    "MTpositionStep": "0.000000",
    "unboundMaps": [
        {
            "id": "0",
            "mountCoordinate": "5.177220"
        },
        {
            "id": "1",
            "mountCoordinate": "5.093713"
        },
        {
            "id": "2",
            "mountCoordinate": "5.128782"
        },
        {
            "id": "3",
            "mountCoordinate": "5.149169"
        },
        {
            "id": "4",
            "mountCoordinate": "5.041788"
        },
        {
            "id": "5",
            "mountCoordinate": "5.191298"
        },
        {
            "id": "6",
            "mountCoordinate": "5.123370"
        }
    ]
}
