{
    "MTposition": "4.988800",
    "MTpositionStep": "-0.000028",
    "boundMaps": [
        {
            "MTsite": "17",
            "id": "4",
            "mountCoordinate": "5.041788",
            "springLength": "0.010735"
        },
        {
            "MTsite": "36",
            "id": "2",
            "mountCoordinate": "5.128782",
            "springLength": "-0.000177"
        },
        {
            "MTsite": "26",
            "id": "1",
            "mountCoordinate": "5.093713",
            "springLength": "-0.004942"
        },
        {
            "MTsite": "41",
            "id": "3",
            "mountCoordinate": "5.149169",
            "springLength": "-0.000224"
        },
        {
            "MTsite": "49",
            "id": "0",
            "mountCoordinate": "5.177220",
            "springLength": "0.003470"
        },
        {
            "MTsite": "37",
            "id": "6",
            "mountCoordinate": "5.123370",
            "springLength": "0.009366"
        },
        {
            "MTsite": "50",
            "id": "5",
            "mountCoordinate": "5.191298",
            "springLength": "-0.006266"
        }
    ]
}
