{
    "MTposition": "4.600000",
    "MTpositionStep": "0.000000",
    "unboundMaps": [
        {
            "id": "0",
            "mountCoordinate": "5.109886"
        },
        {
            "id": "1",
            "mountCoordinate": "5.126871"
        },
        {
            "id": "2",
            "mountCoordinate": "5.029130"
        },
        {
            "id": "3",
            "mountCoordinate": "5.165710"
        },
        {
            "id": "4",
            "mountCoordinate": "5.052864"
        },
        {
            "id": "5",
            "mountCoordinate": "5.198003"
        }
    ]
}
