{
    "MTposition": "4.464701",
    "MTpositionStep": "0.001242",
    "boundMaps": [
        {
            "MTsite": "141",
            "id": "2",
            "mountCoordinate": "5.029130",
            "springLength": "-0.005934"
        },
        {
            "MTsite": "167",
            "id": "1",
            "mountCoordinate": "5.126871",
            "springLength": "0.000921"
        },
        {
            "MTsite": "163",
            "id": "0",
            "mountCoordinate": "5.109886",
            "springLength": "0.000839"
        },
        {
            "MTsite": "171",
            "id": "3",
            "mountCoordinate": "5.165710",
            "springLength": "-0.021917"
        },
        {
            "MTsite": "152",
            "id": "4",
            "mountCoordinate": "5.052864",
            "springLength": "0.015073"
        },
        {
            "MTsite": "186",
            "id": "5",
            "mountCoordinate": "5.198003",
            "springLength": "0.005390"
        }
    ]
}
