{
    "MTposition": "4.900000",
    "MTpositionStep": "0.000000",
    "unboundMaps": [
        {
            "id": "0",
            "mountCoordinate": "5.019764"
        },
        {
            "id": "1",
            "mountCoordinate": "5.043442"
        },
        {
            "id": "2",
            "mountCoordinate": "5.063689"
        },
        {
            "id": "3",
            "mountCoordinate": "5.041496"
        },
        {
            "id": "4",
            "mountCoordinate": "5.106978"
        },
        {
            "id": "5",
            "mountCoordinate": "5.009896"
        },
        {
            "id": "6",
            "mountCoordinate": "5.174184"
        }
    ]
}
