{
    "MTposition": "4.986010",
    "MTpositionStep": "-0.001187",
    "boundMaps": [
        {
            "MTsite": "13",
            "id": "3",
            "mountCoordinate": "5.041496",
            "springLength": "-0.006664"
        },
        {
            "MTsite": "28",
            "id": "4",
            "mountCoordinate": "5.106978",
            "springLength": "-0.010269"
        },
        {
            "MTsite": "15",
            "id": "1",
            "mountCoordinate": "5.043442",
            "springLength": "-0.000581"
        },
        {
            "MTsite": "45",
            "id": "6",
            "mountCoordinate": "5.174184",
            "springLength": "-0.011144"
        },
        {
            "MTsite": "19",
            "id": "2",
            "mountCoordinate": "5.063689",
            "springLength": "-0.004591"
        },
        {
            "MTsite": "9",
            "id": "5",
            "mountCoordinate": "5.009896",
            "springLength": "0.010086"
        }
    ],
    "unboundMaps": [
        {
            "id": "0",
            "mountCoordinate": "5.019764"
        }
    ]
}
