{
    "MTposition": "3.792944",
    "MTpositionStep": "-0.000332",
    "unboundKinesins": [
        {
            "id": "1",
            "mountCoordinate": "5.151627"
        },
        {
            "id": "3",
            "mountCoordinate": "5.038807"
        },
        {
            "id": "4",
            "mountCoordinate": "5.150335"
        },
        {
            "id": "2",
            "mountCoordinate": "5.064237"
        },
        {
            "id": "0",
            "mountCoordinate": "5.009120"
        }
    ]
}
