{
    "MTposition": "4.900000",
    "MTpositionStep": "0.000000",
    "unboundKinesins": [
        {
            "id": "0",
            "mountCoordinate": "5.009120"
        },
        {
            "id": "1",
            "mountCoordinate": "5.151627"
        },
        {
            "id": "2",
            "mountCoordinate": "5.064237"
        },
        {
            "id": "3",
            "mountCoordinate": "5.038807"
        },
        {
            "id": "4",
            "mountCoordinate": "5.150335"
        }
    ]
}
