{
    "MTposition": "4.751640",
    "MTpositionStep": "-0.000670",
    "unboundKinesins": [
        {
            "id": "0",
            "mountCoordinate": "5.090711"
        },
        {
            "id": "3",
            "mountCoordinate": "5.176174"
        },
        {
            "id": "4",
            "mountCoordinate": "5.087421"
        },
        {
            "id": "2",
            "mountCoordinate": "5.010894"
        },
        {
            "id": "1",
            "mountCoordinate": "5.031768"
        }
    ]
}
