{
    "MTposition": "4.198287",
    "MTpositionStep": "0.000586",
    "boundKinesins": [
        {
            "MTsite": "223",
            "id": "1",
            "mountCoordinate": "5.086525",
            "springLength": "-0.000277"
        },
        {
            "MTsite": "209",
            "id": "0",
            "mountCoordinate": "5.015202",
            "springLength": "0.013812"
        },
        {
            "MTsite": "212",
            "id": "2",
            "mountCoordinate": "5.048910",
            "springLength": "-0.005405"
        }
    ],
    "boundMaps": [
        {
            "MTsite": "200",
            "id": "2",
            "mountCoordinate": "5.002301",
            "springLength": "-0.009435"
        }
    ],
    "unboundMaps": [
        {
            "id": "0",
            "mountCoordinate": "5.181675"
        },
        {
            "id": "1",
            "mountCoordinate": "5.040794"
        }
    ]
}
