{
    "MTposition": "4.141199",
    "MTpositionStep": "-0.000261",
    "boundKinesins": [
        {
            "MTsite": "224",
            "id": "2",
            "mountCoordinate": "5.022197",
            "springLength": "0.009309"
        }
    ],
    "boundMaps": [
        {
            "MTsite": "214",
            "id": "2",
            "mountCoordinate": "5.004991",
            "springLength": "-0.012413"
        }
    ],
    "unboundKinesins": [
        {
            "id": "0",
            "mountCoordinate": "5.162716"
        },
        {
            "id": "1",
            "mountCoordinate": "5.118271"
        }
    ],
    "unboundMaps": [
        {
            "id": "1",
            "mountCoordinate": "5.185329"
        },
        {
            "id": "0",
            "mountCoordinate": "5.163722"
        }
    ]
}
