{
    "MTposition": "4.550000",
    "MTpositionStep": "0.000000",
    "unboundKinesins": [
        {
            "id": "0",
            "mountCoordinate": "5.086094"
        },
        {
            "id": "1",
            "mountCoordinate": "5.082549"
        },
        {
            "id": "2",
            "mountCoordinate": "5.143062"
        }
    ],
    "unboundMaps": [
        {
            "id": "0",
            "mountCoordinate": "5.051576"
        },
        {
            "id": "1",
            "mountCoordinate": "5.135127"
        },
        {
            "id": "2",
            "mountCoordinate": "5.008043"
        }
    ]
}
