{
    "MTposition": "4.178897",
    "MTpositionStep": "0.000960",
    "boundKinesins": [
        {
            "MTsite": "224",
            "id": "2",
            "mountCoordinate": "5.073256",
            "springLength": "-0.003287"
        }
    ],
    "boundMaps": [
        {
            "MTsite": "209",
            "id": "0",
            "mountCoordinate": "5.029801",
            "springLength": "-0.019078"
        },
        {
            "MTsite": "217",
            "id": "2",
            "mountCoordinate": "5.044399",
            "springLength": "-0.002863"
        },
        {
            "MTsite": "222",
            "id": "1",
            "mountCoordinate": "5.040257",
            "springLength": "0.021367"
        }
    ],
    "unboundKinesins": [
        {
            "id": "0",
            "mountCoordinate": "5.184379"
        },
        {
            "id": "1",
            "mountCoordinate": "5.131817"
        }
    ]
}
