{
    "MTposition": "4.550000",
    "MTpositionStep": "0.000000",
    "unboundKinesins": [
        {
            "id": "0",
            "mountCoordinate": "5.199437"
        },
        {
            "id": "1",
            "mountCoordinate": "5.186511"
        },
        {
            "id": "2",
            "mountCoordinate": "5.025625"
        }
    ],
    "unboundMaps": [
        {
            "id": "0",
            "mountCoordinate": "5.199808"
        },
        {
            "id": "1",
            "mountCoordinate": "5.047218"
        },
        {
            "id": "2",
            "mountCoordinate": "5.079316"
        }
    ]
}
