{
    "MTposition": "4.550000",
    "MTpositionStep": "0.000000",
    "unboundKinesins": [
        {
            "id": "0",
            "mountCoordinate": "5.011036"
        },
        {
            "id": "1",
            "mountCoordinate": "5.166266"
        },
        {
            "id": "2",
            "mountCoordinate": "5.072747"
        }
    ],
    "unboundMaps": [
        {
            "id": "0",
            "mountCoordinate": "5.195889"
        },
        {
            "id": "1",
            "mountCoordinate": "5.017964"
        },
        {
            "id": "2",
            "mountCoordinate": "5.079347"
        }
    ]
}
