{
    "MTposition": "4.134850",
    "MTpositionStep": "0.000707",
    "boundKinesins": [
        {
            "MTsite": "225",
            "id": "2",
            "mountCoordinate": "5.025625",
            "springLength": "0.005170"
        }
    ],
    "unboundKinesins": [
        {
            "id": "0",
            "mountCoordinate": "5.199437"
        },
        {
            "id": "1",
            "mountCoordinate": "5.186511"
        }
    ],
    "unboundMaps": [
        {
            "id": "0",
            "mountCoordinate": "5.199808"
        },
        {
            "id": "2",
            "mountCoordinate": "5.079316"
        },
        {
            "id": "1",
            "mountCoordinate": "5.047218"
        }
    ]
}
