{
    "MTposition": "4.284233",
    "MTpositionStep": "-0.000095",
    "boundKinesins": [
        {
            "MTsite": "225",
            "id": "0",
            "mountCoordinate": "5.180124",
            "springLength": "-0.000466"
        },
        {
            "MTsite": "224",
            "id": "2",
            "mountCoordinate": "5.171124",
            "springLength": "0.003804"
        }
    ],
    "boundMaps": [
        {
            "MTsite": "208",
            "id": "1",
            "mountCoordinate": "5.119511",
            "springLength": "-0.006670"
        },
        {
            "MTsite": "188",
            "id": "2",
            "mountCoordinate": "5.028293",
            "springLength": "0.003147"
        },
        {
            "MTsite": "211",
            "id": "0",
            "mountCoordinate": "5.121807",
            "springLength": "0.003365"
        }
    ],
    "unboundKinesins": [
        {
            "id": "1",
            "mountCoordinate": "5.034539"
        }
    ]
}
