{
    "MTposition": "4.550000",
    "MTpositionStep": "0.000000",
    "unboundKinesins": [
        {
            "id": "0",
            "mountCoordinate": "5.072892"
        },
        {
            "id": "1",
            "mountCoordinate": "5.099826"
        },
        {
            "id": "2",
            "mountCoordinate": "5.001509"
        }
    ],
    "unboundMaps": [
        {
            "id": "0",
            "mountCoordinate": "5.063245"
        },
        {
            "id": "1",
            "mountCoordinate": "5.002664"
        },
        {
            "id": "2",
            "mountCoordinate": "5.175444"
        }
    ]
}
