{
    "MTposition": "4.550000",
    "MTpositionStep": "0.000000",
    "unboundKinesins": [
        {
            "id": "0",
            "mountCoordinate": "5.045468"
        },
        {
            "id": "1",
            "mountCoordinate": "5.063794"
        },
        {
            "id": "2",
            "mountCoordinate": "5.195645"
        }
    ],
    "unboundMaps": [
        {
            "id": "0",
            "mountCoordinate": "5.091117"
        },
        {
            "id": "1",
            "mountCoordinate": "5.061603"
        },
        {
            "id": "2",
            "mountCoordinate": "5.052774"
        }
    ]
}
