{
    "MTposition": "4.550000",
    "MTpositionStep": "0.000000",
    "unboundKinesins": [
        {
            "id": "0",
            "mountCoordinate": "5.177482"
        },
        {
            "id": "1",
            "mountCoordinate": "5.190882"
        },
        {
            "id": "2",
            "mountCoordinate": "5.190456"
        }
    ],
    "unboundMaps": [
        {
            "id": "0",
            "mountCoordinate": "5.124298"
        },
        {
            "id": "1",
            "mountCoordinate": "5.128071"
        },
        {
            "id": "2",
            "mountCoordinate": "5.190090"
        }
    ]
}
