{
    "MTposition": "4.550000",
    "MTpositionStep": "0.000000",
    "unboundKinesins": [
        {
            "id": "0",
            "mountCoordinate": "5.121468"
        },
        {
            "id": "1",
            "mountCoordinate": "5.171887"
        },
        {
            "id": "2",
            "mountCoordinate": "5.178597"
        }
    ],
    "unboundMaps": [
        {
            "id": "0",
            "mountCoordinate": "5.035831"
        },
        {
            "id": "1",
            "mountCoordinate": "5.151717"
        },
        {
            "id": "2",
            "mountCoordinate": "5.150332"
        }
    ]
}
