{
    "MTposition": "4.135551",
    "MTpositionStep": "-0.000002",
    "boundKinesins": [
        {
            "MTsite": "224",
            "id": "1",
            "mountCoordinate": "5.047888",
            "springLength": "-0.021408"
        },
        {
            "MTsite": "222",
            "id": "0",
            "mountCoordinate": "5.002223",
            "springLength": "0.015746"
        }
    ],
    "unboundKinesins": [
        {
            "id": "2",
            "mountCoordinate": "5.075503"
        }
    ],
    "unboundMaps": [
        {
            "id": "1",
            "mountCoordinate": "5.084470"
        },
        {
            "id": "0",
            "mountCoordinate": "5.163292"
        },
        {
            "id": "2",
            "mountCoordinate": "5.122407"
        }
    ]
}
