{
    "MTposition": "4.165265",
    "MTpositionStep": "-0.000849",
    "boundKinesins": [
        {
            "MTsite": "225",
            "id": "1",
            "mountCoordinate": "5.063794",
            "springLength": "-0.002769"
        },
        {
            "MTsite": "225",
            "id": "0",
            "mountCoordinate": "5.045468",
            "springLength": "0.015038"
        }
    ],
    "boundMaps": [
        {
            "MTsite": "217",
            "id": "2",
            "mountCoordinate": "5.052774",
            "springLength": "-0.025112"
        }
    ],
    "unboundKinesins": [
        {
            "id": "2",
            "mountCoordinate": "5.195645"
        }
    ],
    "unboundMaps": [
        {
            "id": "0",
            "mountCoordinate": "5.091117"
        },
        {
            "id": "1",
            "mountCoordinate": "5.061603"
        }
    ]
}
