{
    "MTposition": "4.550000",
    "MTpositionStep": "0.000000",
    "unboundKinesins": [
        {
            "id": "0",
            "mountCoordinate": "5.065331"
        },
        {
            "id": "1",
            "mountCoordinate": "5.011137"
        },
        {
            "id": "2",
            "mountCoordinate": "5.061723"
        }
    ],
    "unboundMaps": [
        {
            "id": "0",
            "mountCoordinate": "5.027839"
        },
        {
            "id": "1",
            "mountCoordinate": "5.140893"
        },
        {
            "id": "2",
            "mountCoordinate": "5.030781"
        }
    ]
}
