{
    "MTposition": "4.550000",
    "MTpositionStep": "0.000000",
    "unboundKinesins": [
        {
            "id": "0",
            "mountCoordinate": "5.013661"
        },
        {
            "id": "1",
            "mountCoordinate": "5.132944"
        },
        {
            "id": "2",
            "mountCoordinate": "5.038823"
        }
    ],
    "unboundMaps": [
        {
            "id": "0",
            "mountCoordinate": "5.185257"
        },
        {
            "id": "1",
            "mountCoordinate": "5.021035"
        },
        {
            "id": "2",
            "mountCoordinate": "5.045143"
        }
    ]
}
