{
    "MTposition": "4.283718",
    "MTpositionStep": "0.000569",
    "boundKinesins": [
        {
            "MTsite": "225",
            "id": "2",
            "mountCoordinate": "5.189546",
            "springLength": "-0.010327"
        },
        {
            "MTsite": "224",
            "id": "1",
            "mountCoordinate": "5.186308",
            "springLength": "-0.010468"
        },
        {
            "MTsite": "197",
            "id": "0",
            "mountCoordinate": "5.037016",
            "springLength": "0.027898"
        }
    ],
    "boundMaps": [
        {
            "MTsite": "203",
            "id": "0",
            "mountCoordinate": "5.096950",
            "springLength": "-0.006571"
        }
    ],
    "unboundMaps": [
        {
            "id": "2",
            "mountCoordinate": "5.030885"
        },
        {
            "id": "1",
            "mountCoordinate": "5.064107"
        }
    ]
}
