{
    "MTposition": "4.273603",
    "MTpositionStep": "0.002030",
    "boundKinesins": [
        {
            "MTsite": "225",
            "id": "2",
            "mountCoordinate": "5.177773",
            "springLength": "-0.010256"
        },
        {
            "MTsite": "224",
            "id": "1",
            "mountCoordinate": "5.168847",
            "springLength": "-0.006692"
        },
        {
            "MTsite": "199",
            "id": "0",
            "mountCoordinate": "5.036356",
            "springLength": "0.027406"
        }
    ],
    "boundMaps": [
        {
            "MTsite": "221",
            "id": "0",
            "mountCoordinate": "5.161364",
            "springLength": "-0.009352"
        },
        {
            "MTsite": "188",
            "id": "2",
            "mountCoordinate": "5.020599",
            "springLength": "-0.001305"
        }
    ],
    "unboundMaps": [
        {
            "id": "1",
            "mountCoordinate": "5.082045"
        }
    ]
}
