{
    "MTposition": "4.166222",
    "MTpositionStep": "0.000957",
    "boundKinesins": [
        {
            "MTsite": "225",
            "id": "0",
            "mountCoordinate": "5.072892",
            "springLength": "-0.012096"
        },
        {
            "MTsite": "214",
            "id": "2",
            "mountCoordinate": "5.001509",
            "springLength": "0.015942"
        }
    ],
    "boundMaps": [
        {
            "MTsite": "223",
            "id": "0",
            "mountCoordinate": "5.063245",
            "springLength": "-0.009727"
        },
        {
            "MTsite": "211",
            "id": "1",
            "mountCoordinate": "5.002664",
            "springLength": "0.002629"
        }
    ],
    "unboundKinesins": [
        {
            "id": "1",
            "mountCoordinate": "5.099826"
        }
    ],
    "unboundMaps": [
        {
            "id": "2",
            "mountCoordinate": "5.175444"
        }
    ]
}
