{
    "MTposition": "4.167532",
    "MTpositionStep": "0.002159",
    "boundKinesins": [
        {
            "MTsite": "225",
            "id": "0",
            "mountCoordinate": "5.065331",
            "springLength": "-0.003935"
        },
        {
            "MTsite": "225",
            "id": "2",
            "mountCoordinate": "5.061723",
            "springLength": "0.000390"
        },
        {
            "MTsite": "216",
            "id": "1",
            "mountCoordinate": "5.011137",
            "springLength": "0.013511"
        }
    ],
    "boundMaps": [
        {
            "MTsite": "217",
            "id": "2",
            "mountCoordinate": "5.030781",
            "springLength": "-0.001686"
        }
    ],
    "unboundMaps": [
        {
            "id": "1",
            "mountCoordinate": "5.140893"
        },
        {
            "id": "0",
            "mountCoordinate": "5.027839"
        }
    ]
}
