{
    "MTposition": "4.550000",
    "MTpositionStep": "0.000000",
    "unboundKinesins": [
        {
            "id": "0",
            "mountCoordinate": "5.059752"
        },
        {
            "id": "1",
            "mountCoordinate": "5.098918"
        },
        {
            "id": "2",
            "mountCoordinate": "5.088603"
        }
    ],
    "unboundMaps": [
        {
            "id": "0",
            "mountCoordinate": "5.166382"
        },
        {
            "id": "1",
            "mountCoordinate": "5.116664"
        },
        {
            "id": "2",
            "mountCoordinate": "5.005034"
        }
    ]
}
