{
    "MTposition": "4.136701",
    "MTpositionStep": "-0.001174",
    "boundKinesins": [
        {
            "MTsite": "224",
            "id": "0",
            "mountCoordinate": "5.013661",
            "springLength": "0.015853"
        }
    ],
    "boundMaps": [
        {
            "MTsite": "218",
            "id": "1",
            "mountCoordinate": "5.021035",
            "springLength": "-0.015680"
        }
    ],
    "unboundKinesins": [
        {
            "id": "1",
            "mountCoordinate": "5.132944"
        },
        {
            "id": "2",
            "mountCoordinate": "5.038823"
        }
    ],
    "unboundMaps": [
        {
            "id": "0",
            "mountCoordinate": "5.185257"
        },
        {
            "id": "2",
            "mountCoordinate": "5.045143"
        }
    ]
}
