{
    "MTposition": "4.300728",
    "MTpositionStep": "-0.000154",
    "boundKinesins": [
        {
            "MTsite": "225",
            "id": "2",
            "mountCoordinate": "5.178597",
            "springLength": "0.017530"
        },
        {
            "MTsite": "224",
            "id": "1",
            "mountCoordinate": "5.171887",
            "springLength": "0.021303"
        }
    ],
    "boundMaps": [
        {
            "MTsite": "210",
            "id": "1",
            "mountCoordinate": "5.151717",
            "springLength": "-0.015444"
        },
        {
            "MTsite": "181",
            "id": "0",
            "mountCoordinate": "5.035831",
            "springLength": "-0.015300"
        },
        {
            "MTsite": "214",
            "id": "2",
            "mountCoordinate": "5.150332",
            "springLength": "0.005151"
        }
    ],
    "unboundKinesins": [
        {
            "id": "0",
            "mountCoordinate": "5.121468"
        }
    ]
}
