{
    "MTposition": "4.191353",
    "MTpositionStep": "-0.000003",
    "boundKinesins": [
        {
            "MTsite": "225",
            "id": "2",
            "mountCoordinate": "5.088603",
            "springLength": "-0.002543"
        },
        {
            "MTsite": "225",
            "id": "1",
            "mountCoordinate": "5.098918",
            "springLength": "-0.011205"
        },
        {
            "MTsite": "223",
            "id": "0",
            "mountCoordinate": "5.059752",
            "springLength": "0.020021"
        }
    ],
    "unboundMaps": [
        {
            "id": "0",
            "mountCoordinate": "5.166382"
        },
        {
            "id": "1",
            "mountCoordinate": "5.116664"
        },
        {
            "id": "2",
            "mountCoordinate": "5.005034"
        }
    ]
}
