{
    "MTposition": "4.207293",
    "MTpositionStep": "-0.000330",
    "boundKinesins": [
        {
            "MTsite": "225",
            "id": "0",
            "mountCoordinate": "5.089244",
            "springLength": "0.014400"
        },
        {
            "MTsite": "204",
            "id": "2",
            "mountCoordinate": "5.017287",
            "springLength": "0.001274"
        }
    ],
    "boundMaps": [
        {
            "MTsite": "198",
            "id": "2",
            "mountCoordinate": "5.006793",
            "springLength": "-0.012248"
        },
        {
            "MTsite": "215",
            "id": "1",
            "mountCoordinate": "5.070096",
            "springLength": "-0.008347"
        }
    ],
    "unboundKinesins": [
        {
            "id": "1",
            "mountCoordinate": "5.174677"
        }
    ],
    "unboundMaps": [
        {
            "id": "0",
            "mountCoordinate": "5.144720"
        }
    ]
}
