{
    "MTposition": "4.550000",
    "MTpositionStep": "0.000000",
    "unboundKinesins": [
        {
            "id": "0",
            "mountCoordinate": "5.189495"
        },
        {
            "id": "1",
            "mountCoordinate": "5.041881"
        },
        {
            "id": "2",
            "mountCoordinate": "5.012851"
        }
    ],
    "unboundMaps": [
        {
            "id": "0",
            "mountCoordinate": "5.074022"
        },
        {
            "id": "1",
            "mountCoordinate": "5.197006"
        },
        {
            "id": "2",
            "mountCoordinate": "5.019894"
        }
    ]
}
