{
    "MTposition": "4.197024",
    "MTpositionStep": "0.001007",
    "boundKinesins": [
        {
            "MTsite": "224",
            "id": "1",
            "mountCoordinate": "5.082549",
            "springLength": "0.005946"
        },
        {
            "MTsite": "225",
            "id": "0",
            "mountCoordinate": "5.086094",
            "springLength": "0.007137"
        }
    ],
    "boundMaps": [
        {
            "MTsite": "214",
            "id": "0",
            "mountCoordinate": "5.051576",
            "springLength": "-0.004097"
        },
        {
            "MTsite": "202",
            "id": "2",
            "mountCoordinate": "5.008043",
            "springLength": "-0.007042"
        }
    ],
    "unboundKinesins": [
        {
            "id": "2",
            "mountCoordinate": "5.143062"
        }
    ],
    "unboundMaps": [
        {
            "id": "1",
            "mountCoordinate": "5.135127"
        }
    ]
}
