{
    "MTposition": "4.550000",
    "MTpositionStep": "0.000000",
    "unboundKinesins": [
        {
            "id": "0",
            "mountCoordinate": "5.037016"
        },
        {
            "id": "1",
            "mountCoordinate": "5.186308"
        },
        {
            "id": "2",
            "mountCoordinate": "5.189546"
        }
    ],
    "unboundMaps": [
        {
            "id": "0",
            "mountCoordinate": "5.096950"
        },
        {
            "id": "1",
            "mountCoordinate": "5.064107"
        },
        {
            "id": "2",
            "mountCoordinate": "5.030885"
        }
    ]
}
