{
    "MTposition": "4.158792",
    "MTpositionStep": "0.000206",
    "boundKinesins": [
        {
            "MTsite": "225",
            "id": "1",
            "mountCoordinate": "5.041881",
            "springLength": "0.010850"
        }
    ],
    "boundMaps": [
        {
            "MTsite": "216",
            "id": "2",
            "mountCoordinate": "5.019894",
            "springLength": "-0.001650"
        }
    ],
    "unboundKinesins": [
        {
            "id": "0",
            "mountCoordinate": "5.189495"
        },
        {
            "id": "2",
            "mountCoordinate": "5.012851"
        }
    ],
    "unboundMaps": [
        {
            "id": "1",
            "mountCoordinate": "5.197006"
        },
        {
            "id": "0",
            "mountCoordinate": "5.074022"
        }
    ]
}
