{
    "MTposition": "4.229697",
    "MTpositionStep": "-0.000964",
    "boundKinesins": [
        {
            "MTsite": "214",
            "id": "2",
            "mountCoordinate": "5.072747",
            "springLength": "0.010596"
        },
        {
            "MTsite": "195",
            "id": "0",
            "mountCoordinate": "5.011036",
            "springLength": "-0.005423"
        }
    ],
    "boundMaps": [
        {
            "MTsite": "199",
            "id": "1",
            "mountCoordinate": "5.017964",
            "springLength": "0.004592"
        },
        {
            "MTsite": "213",
            "id": "2",
            "mountCoordinate": "5.079347",
            "springLength": "-0.001514"
        }
    ],
    "unboundKinesins": [
        {
            "id": "1",
            "mountCoordinate": "5.166266"
        }
    ],
    "unboundMaps": [
        {
            "id": "0",
            "mountCoordinate": "5.195889"
        }
    ]
}
