{
    "MTposition": "4.550000",
    "MTpositionStep": "0.000000",
    "unboundKinesins": [
        {
            "id": "0",
            "mountCoordinate": "5.180124"
        },
        {
            "id": "1",
            "mountCoordinate": "5.034539"
        },
        {
            "id": "2",
            "mountCoordinate": "5.171124"
        }
    ],
    "unboundMaps": [
        {
            "id": "0",
            "mountCoordinate": "5.121807"
        },
        {
            "id": "1",
            "mountCoordinate": "5.119511"
        },
        {
            "id": "2",
            "mountCoordinate": "5.028293"
        }
    ]
}
