{
    "MTposition": "4.292679",
    "MTpositionStep": "-0.000140",
    "boundKinesins": [
        {
            "MTsite": "224",
            "id": "0",
            "mountCoordinate": "5.177482",
            "springLength": "0.006803"
        },
        {
            "MTsite": "224",
            "id": "2",
            "mountCoordinate": "5.190456",
            "springLength": "-0.004923"
        },
        {
            "MTsite": "225",
            "id": "1",
            "mountCoordinate": "5.190882",
            "springLength": "0.000486"
        }
    ],
    "boundMaps": [
        {
            "MTsite": "221",
            "id": "2",
            "mountCoordinate": "5.190090",
            "springLength": "-0.018081"
        },
        {
            "MTsite": "209",
            "id": "1",
            "mountCoordinate": "5.128071",
            "springLength": "-0.001546"
        }
    ],
    "unboundMaps": [
        {
            "id": "0",
            "mountCoordinate": "5.124298"
        }
    ]
}
