{
    "MTposition": "4.128732",
    "MTpositionStep": "-0.000786",
    "boundKinesins": [
        {
            "MTsite": "224",
            "id": "2",
            "mountCoordinate": "5.024266",
            "springLength": "-0.002206"
        },
        {
            "MTsite": "224",
            "id": "0",
            "mountCoordinate": "5.014145",
            "springLength": "0.007680"
        }
    ],
    "unboundKinesins": [
        {
            "id": "1",
            "mountCoordinate": "5.167990"
        }
    ],
    "unboundMaps": [
        {
            "id": "0",
            "mountCoordinate": "5.113862"
        },
        {
            "id": "1",
            "mountCoordinate": "5.087412"
        },
        {
            "id": "2",
            "mountCoordinate": "5.003750"
        }
    ]
}
