{
    "MTposition": "4.550000",
    "MTpositionStep": "0.000000",
    "unboundKinesins": [
        {
            "id": "0",
            "mountCoordinate": "5.162716"
        },
        {
            "id": "1",
            "mountCoordinate": "5.118271"
        },
        {
            "id": "2",
            "mountCoordinate": "5.022197"
        }
    ],
    "unboundMaps": [
        {
            "id": "0",
            "mountCoordinate": "5.163722"
        },
        {
            "id": "1",
            "mountCoordinate": "5.185329"
        },
        {
            "id": "2",
            "mountCoordinate": "5.004991"
        }
    ]
}
