{
    "MTposition": "4.694886",
    "MTpositionStep": "-0.000151",
    "boundKinesins": [
        {
            "MTsite": "99",
            "id": "2",
            "mountCoordinate": "5.087175",
            "springLength": "-0.000523"
        },
        {
            "MTsite": "99",
            "id": "1",
            "mountCoordinate": "5.076032",
            "springLength": "0.010970"
        },
        {
            "MTsite": "100",
            "id": "4",
            "mountCoordinate": "5.089896",
            "springLength": "0.000432"
        }
    ],
    "unboundKinesins": [
        {
            "id": "0",
            "mountCoordinate": "5.122651"
        },
        {
            "id": "5",
            "mountCoordinate": "5.159007"
        },
        {
            "id": "3",
            "mountCoordinate": "5.155918"
        },
        {
            "id": "6",
            "mountCoordinate": "5.017309"
        }
    ]
}
