{
    "MTposition": "4.900000",
    "MTpositionStep": "0.000000",
    "unboundKinesins": [
        {
            "id": "0",
            "mountCoordinate": "5.047939"
        },
        {
            "id": "1",
            "mountCoordinate": "5.183345"
        },
        {
            "id": "2",
            "mountCoordinate": "5.022464"
        },
        {
            "id": "3",
            "mountCoordinate": "5.198007"
        },
        {
            "id": "4",
            "mountCoordinate": "5.087074"
        },
        {
            "id": "5",
            "mountCoordinate": "5.024586"
        },
        {
            "id": "6",
            "mountCoordinate": "5.161941"
        }
    ]
}
