{
    "MTposition": "4.900000",
    "MTpositionStep": "0.000000",
    "unboundKinesins": [
        {
            "id": "0",
            "mountCoordinate": "5.122651"
        },
        {
            "id": "1",
            "mountCoordinate": "5.076032"
        },
        {
            "id": "2",
            "mountCoordinate": "5.087175"
        },
        {
            "id": "3",
            "mountCoordinate": "5.155918"
        },
        {
            "id": "4",
            "mountCoordinate": "5.089896"
        },
        {
            "id": "5",
            "mountCoordinate": "5.159007"
        },
        {
            "id": "6",
            "mountCoordinate": "5.017309"
        }
    ]
}
