{
    "MTposition": "4.172770",
    "MTpositionStep": "-0.000738",
    "boundKinesins": [
        {
            "MTsite": "216",
            "id": "0",
            "mountCoordinate": "5.037016",
            "springLength": "-0.003713"
        },
        {
            "MTsite": "224",
            "id": "4",
            "mountCoordinate": "5.064107",
            "springLength": "0.000675"
        }
    ],
    "boundMaps": [
        {
            "MTsite": "212",
            "id": "2",
            "mountCoordinate": "5.023990",
            "springLength": "-0.004392"
        },
        {
            "MTsite": "217",
            "id": "0",
            "mountCoordinate": "5.030885",
            "springLength": "0.005958"
        }
    ],
    "unboundKinesins": [
        {
            "id": "2",
            "mountCoordinate": "5.189546"
        },
        {
            "id": "1",
            "mountCoordinate": "5.186308"
        },
        {
            "id": "3",
            "mountCoordinate": "5.096950"
        }
    ],
    "unboundMaps": [
        {
            "id": "1",
            "mountCoordinate": "5.139773"
        },
        {
            "id": "4",
            "mountCoordinate": "5.126548"
        },
        {
            "id": "3",
            "mountCoordinate": "5.097035"
        }
    ]
}
