{
    "MTposition": "4.156000",
    "MTpositionStep": "0.001581",
    "boundKinesins": [
        {
            "MTsite": "225",
            "id": "2",
            "mountCoordinate": "5.075503",
            "springLength": "-0.024762"
        },
        {
            "MTsite": "218",
            "id": "0",
            "mountCoordinate": "5.002223",
            "springLength": "0.020756"
        },
        {
            "MTsite": "224",
            "id": "1",
            "mountCoordinate": "5.047888",
            "springLength": "-0.002588"
        }
    ],
    "unboundKinesins": [
        {
            "id": "3",
            "mountCoordinate": "5.163292"
        },
        {
            "id": "4",
            "mountCoordinate": "5.084470"
        }
    ],
    "unboundMaps": [
        {
            "id": "4",
            "mountCoordinate": "5.185288"
        },
        {
            "id": "3",
            "mountCoordinate": "5.174418"
        },
        {
            "id": "1",
            "mountCoordinate": "5.153213"
        },
        {
            "id": "0",
            "mountCoordinate": "5.122407"
        },
        {
            "id": "2",
            "mountCoordinate": "5.080385"
        }
    ]
}
