{
    "MTposition": "4.181673",
    "MTpositionStep": "0.000522",
    "boundKinesins": [
        {
            "MTsite": "224",
            "id": "1",
            "mountCoordinate": "5.063794",
            "springLength": "0.008904"
        }
    ],
    "boundMaps": [
        {
            "MTsite": "220",
            "id": "0",
            "mountCoordinate": "5.052774",
            "springLength": "0.004245"
        },
        {
            "MTsite": "223",
            "id": "2",
            "mountCoordinate": "5.083874",
            "springLength": "-0.014193"
        },
        {
            "MTsite": "205",
            "id": "3",
            "mountCoordinate": "5.003182",
            "springLength": "-0.005106"
        }
    ],
    "unboundKinesins": [
        {
            "id": "2",
            "mountCoordinate": "5.195645"
        },
        {
            "id": "3",
            "mountCoordinate": "5.091117"
        },
        {
            "id": "4",
            "mountCoordinate": "5.061603"
        },
        {
            "id": "0",
            "mountCoordinate": "5.045468"
        }
    ],
    "unboundMaps": [
        {
            "id": "4",
            "mountCoordinate": "5.105553"
        },
        {
            "id": "1",
            "mountCoordinate": "5.017349"
        }
    ]
}
