{
    "MTposition": "4.104231",
    "MTpositionStep": "-0.000930",
    "boundKinesins": [
        {
            "MTsite": "225",
            "id": "4",
            "mountCoordinate": "5.002664",
            "springLength": "-0.000635"
        },
        {
            "MTsite": "225",
            "id": "2",
            "mountCoordinate": "5.001509",
            "springLength": "0.000630"
        }
    ],
    "unboundKinesins": [
        {
            "id": "3",
            "mountCoordinate": "5.063245"
        },
        {
            "id": "1",
            "mountCoordinate": "5.099826"
        },
        {
            "id": "0",
            "mountCoordinate": "5.072892"
        }
    ],
    "unboundMaps": [
        {
            "id": "0",
            "mountCoordinate": "5.175444"
        },
        {
            "id": "4",
            "mountCoordinate": "5.098931"
        },
        {
            "id": "3",
            "mountCoordinate": "5.079177"
        },
        {
            "id": "2",
            "mountCoordinate": "5.027723"
        },
        {
            "id": "1",
            "mountCoordinate": "5.027505"
        }
    ]
}
