{
    "MTposition": "4.291840",
    "MTpositionStep": "0.001207",
    "boundKinesins": [
        {
            "MTsite": "225",
            "id": "3",
            "mountCoordinate": "5.199808",
            "springLength": "-0.012796"
        },
        {
            "MTsite": "225",
            "id": "1",
            "mountCoordinate": "5.186511",
            "springLength": "-0.000206"
        },
        {
            "MTsite": "190",
            "id": "2",
            "mountCoordinate": "5.025625",
            "springLength": "0.020152"
        }
    ],
    "boundMaps": [
        {
            "MTsite": "220",
            "id": "4",
            "mountCoordinate": "5.169262",
            "springLength": "-0.002345"
        },
        {
            "MTsite": "222",
            "id": "3",
            "mountCoordinate": "5.187108",
            "springLength": "-0.012861"
        },
        {
            "MTsite": "214",
            "id": "2",
            "mountCoordinate": "5.133949",
            "springLength": "0.007096"
        },
        {
            "MTsite": "195",
            "id": "0",
            "mountCoordinate": "5.079316",
            "springLength": "-0.011323"
        },
        {
            "MTsite": "195",
            "id": "1",
            "mountCoordinate": "5.077582",
            "springLength": "-0.012213"
        }
    ],
    "unboundKinesins": [
        {
            "id": "0",
            "mountCoordinate": "5.199437"
        },
        {
            "id": "4",
            "mountCoordinate": "5.047218"
        }
    ]
}
