{
    "MTposition": "4.237786",
    "MTpositionStep": "0.000823",
    "boundKinesins": [
        {
            "MTsite": "225",
            "id": "3",
            "mountCoordinate": "5.121807",
            "springLength": "0.012725"
        },
        {
            "MTsite": "224",
            "id": "4",
            "mountCoordinate": "5.119511",
            "springLength": "0.008790"
        }
    ],
    "boundMaps": [
        {
            "MTsite": "202",
            "id": "1",
            "mountCoordinate": "5.044901",
            "springLength": "-0.005235"
        },
        {
            "MTsite": "224",
            "id": "4",
            "mountCoordinate": "5.126593",
            "springLength": "0.002493"
        },
        {
            "MTsite": "195",
            "id": "0",
            "mountCoordinate": "5.028293",
            "springLength": "-0.015613"
        }
    ],
    "unboundKinesins": [
        {
            "id": "0",
            "mountCoordinate": "5.180124"
        },
        {
            "id": "2",
            "mountCoordinate": "5.171124"
        },
        {
            "id": "1",
            "mountCoordinate": "5.034539"
        }
    ],
    "unboundMaps": [
        {
            "id": "3",
            "mountCoordinate": "5.180636"
        },
        {
            "id": "2",
            "mountCoordinate": "5.139684"
        }
    ]
}
