{
    "MTposition": "4.175008",
    "MTpositionStep": "0.000953",
    "boundKinesins": [
        {
            "MTsite": "224",
            "id": "0",
            "mountCoordinate": "5.059752",
            "springLength": "0.005965"
        }
    ],
    "boundMaps": [
        {
            "MTsite": "206",
            "id": "0",
            "mountCoordinate": "5.005034",
            "springLength": "-0.010074"
        },
        {
            "MTsite": "211",
            "id": "4",
            "mountCoordinate": "5.030076",
            "springLength": "-0.015275"
        },
        {
            "MTsite": "222",
            "id": "2",
            "mountCoordinate": "5.053113",
            "springLength": "0.003717"
        },
        {
            "MTsite": "221",
            "id": "3",
            "mountCoordinate": "5.052721",
            "springLength": "0.000106"
        }
    ],
    "unboundKinesins": [
        {
            "id": "3",
            "mountCoordinate": "5.166382"
        },
        {
            "id": "4",
            "mountCoordinate": "5.116664"
        },
        {
            "id": "2",
            "mountCoordinate": "5.088603"
        },
        {
            "id": "1",
            "mountCoordinate": "5.098918"
        }
    ],
    "unboundMaps": [
        {
            "id": "1",
            "mountCoordinate": "5.141842"
        }
    ]
}
