{
    "MTposition": "4.127188",
    "MTpositionStep": "0.001154",
    "boundKinesins": [
        {
            "MTsite": "224",
            "id": "0",
            "mountCoordinate": "5.014145",
            "springLength": "0.002873"
        },
        {
            "MTsite": "225",
            "id": "2",
            "mountCoordinate": "5.024266",
            "springLength": "-0.002769"
        }
    ],
    "boundMaps": [
        {
            "MTsite": "218",
            "id": "0",
            "mountCoordinate": "5.003750",
            "springLength": "-0.008038"
        },
        {
            "MTsite": "222",
            "id": "3",
            "mountCoordinate": "5.018710",
            "springLength": "-0.008836"
        },
        {
            "MTsite": "225",
            "id": "1",
            "mountCoordinate": "5.008126",
            "springLength": "0.013242"
        }
    ],
    "unboundKinesins": [
        {
            "id": "1",
            "mountCoordinate": "5.167990"
        },
        {
            "id": "3",
            "mountCoordinate": "5.113862"
        },
        {
            "id": "4",
            "mountCoordinate": "5.087412"
        }
    ],
    "unboundMaps": [
        {
            "id": "4",
            "mountCoordinate": "5.138965"
        },
        {
            "id": "2",
            "mountCoordinate": "5.049578"
        }
    ]
}
