{
    "MTposition": "4.124452",
    "MTpositionStep": "0.001186",
    "boundKinesins": [
        {
            "MTsite": "225",
            "id": "4",
            "mountCoordinate": "5.017964",
            "springLength": "0.002163"
        },
        {
            "MTsite": "225",
            "id": "0",
            "mountCoordinate": "5.011036",
            "springLength": "0.007307"
        }
    ],
    "unboundKinesins": [
        {
            "id": "3",
            "mountCoordinate": "5.195889"
        },
        {
            "id": "1",
            "mountCoordinate": "5.166266"
        },
        {
            "id": "2",
            "mountCoordinate": "5.072747"
        }
    ],
    "unboundMaps": [
        {
            "id": "3",
            "mountCoordinate": "5.198164"
        },
        {
            "id": "4",
            "mountCoordinate": "5.161656"
        },
        {
            "id": "2",
            "mountCoordinate": "5.097328"
        },
        {
            "id": "0",
            "mountCoordinate": "5.079347"
        },
        {
            "id": "1",
            "mountCoordinate": "5.070828"
        }
    ]
}
