{
    "MTposition": "4.133463",
    "MTpositionStep": "0.000724",
    "boundKinesins": [
        {
            "MTsite": "225",
            "id": "2",
            "mountCoordinate": "5.012851",
            "springLength": "0.016422"
        },
        {
            "MTsite": "225",
            "id": "1",
            "mountCoordinate": "5.041881",
            "springLength": "-0.013269"
        }
    ],
    "boundMaps": [
        {
            "MTsite": "223",
            "id": "0",
            "mountCoordinate": "5.019894",
            "springLength": "0.001945"
        }
    ],
    "unboundKinesins": [
        {
            "id": "4",
            "mountCoordinate": "5.197006"
        },
        {
            "id": "0",
            "mountCoordinate": "5.189495"
        },
        {
            "id": "3",
            "mountCoordinate": "5.074022"
        }
    ],
    "unboundMaps": [
        {
            "id": "4",
            "mountCoordinate": "5.165042"
        },
        {
            "id": "1",
            "mountCoordinate": "5.121695"
        },
        {
            "id": "3",
            "mountCoordinate": "5.096567"
        },
        {
            "id": "2",
            "mountCoordinate": "5.106079"
        }
    ]
}
