{
    "MTposition": "4.636625",
    "MTpositionStep": "0.000401",
    "boundKinesins": [
        {
            "MTsite": "100",
            "id": "3",
            "mountCoordinate": "5.018742",
            "springLength": "0.013297"
        },
        {
            "MTsite": "100",
            "id": "4",
            "mountCoordinate": "5.035401",
            "springLength": "-0.003742"
        }
    ],
    "boundMaps": [
        {
            "MTsite": "89",
            "id": "1",
            "mountCoordinate": "5.001275",
            "springLength": "-0.013101"
        }
    ],
    "unboundKinesins": [
        {
            "id": "0",
            "mountCoordinate": "5.076988"
        },
        {
            "id": "1",
            "mountCoordinate": "5.164157"
        },
        {
            "id": "6",
            "mountCoordinate": "5.162233"
        },
        {
            "id": "8",
            "mountCoordinate": "5.192232"
        },
        {
            "id": "2",
            "mountCoordinate": "5.177055"
        },
        {
            "id": "7",
            "mountCoordinate": "5.078710"
        },
        {
            "id": "5",
            "mountCoordinate": "5.194275"
        },
        {
            "id": "9",
            "mountCoordinate": "5.066953"
        }
    ],
    "unboundMaps": [
        {
            "id": "3",
            "mountCoordinate": "5.124288"
        },
        {
            "id": "0",
            "mountCoordinate": "5.157809"
        },
        {
            "id": "4",
            "mountCoordinate": "5.111474"
        },
        {
            "id": "2",
            "mountCoordinate": "5.000401"
        }
    ]
}
