{
    "MTposition": "4.676227",
    "MTpositionStep": "-0.000633",
    "boundKinesins": [
        {
            "MTsite": "98",
            "id": "5",
            "mountCoordinate": "5.048948",
            "springLength": "0.015970"
        }
    ],
    "boundMaps": [
        {
            "MTsite": "100",
            "id": "1",
            "mountCoordinate": "5.081900",
            "springLength": "-0.008951"
        },
        {
            "MTsite": "95",
            "id": "3",
            "mountCoordinate": "5.035272",
            "springLength": "0.017146"
        },
        {
            "MTsite": "92",
            "id": "4",
            "mountCoordinate": "5.059300",
            "springLength": "-0.019474"
        }
    ],
    "unboundKinesins": [
        {
            "id": "4",
            "mountCoordinate": "5.141912"
        },
        {
            "id": "9",
            "mountCoordinate": "5.167173"
        },
        {
            "id": "0",
            "mountCoordinate": "5.161563"
        },
        {
            "id": "2",
            "mountCoordinate": "5.089394"
        },
        {
            "id": "1",
            "mountCoordinate": "5.166428"
        },
        {
            "id": "7",
            "mountCoordinate": "5.148140"
        },
        {
            "id": "8",
            "mountCoordinate": "5.065874"
        },
        {
            "id": "6",
            "mountCoordinate": "5.117924"
        },
        {
            "id": "3",
            "mountCoordinate": "5.087149"
        }
    ],
    "unboundMaps": [
        {
            "id": "0",
            "mountCoordinate": "5.139277"
        },
        {
            "id": "2",
            "mountCoordinate": "5.127980"
        }
    ]
}
