{
    "MTposition": "5.000000",
    "MTpositionStep": "0.000000",
    "unboundKinesins": [
        {
            "id": "0",
            "mountCoordinate": "5.161563"
        },
        {
            "id": "1",
            "mountCoordinate": "5.166428"
        },
        {
            "id": "2",
            "mountCoordinate": "5.089394"
        },
        {
            "id": "3",
            "mountCoordinate": "5.087149"
        },
        {
            "id": "4",
            "mountCoordinate": "5.141912"
        },
        {
            "id": "5",
            "mountCoordinate": "5.048948"
        },
        {
            "id": "6",
            "mountCoordinate": "5.117924"
        },
        {
            "id": "7",
            "mountCoordinate": "5.148140"
        },
        {
            "id": "8",
            "mountCoordinate": "5.065874"
        },
        {
            "id": "9",
            "mountCoordinate": "5.167173"
        }
    ],
    "unboundMaps": [
        {
            "id": "0",
            "mountCoordinate": "5.139277"
        },
        {
            "id": "1",
            "mountCoordinate": "5.081900"
        },
        {
            "id": "2",
            "mountCoordinate": "5.127980"
        },
        {
            "id": "3",
            "mountCoordinate": "5.035272"
        },
        {
            "id": "4",
            "mountCoordinate": "5.059300"
        }
    ]
}
