{
    "MTposition": "4.185535",
    "MTpositionStep": "0.001569",
    "boundKinesins": [
        {
            "MTsite": "225",
            "id": "3",
            "mountCoordinate": "5.098057",
            "springLength": "-0.018365"
        },
        {
            "MTsite": "225",
            "id": "4",
            "mountCoordinate": "5.066659",
            "springLength": "0.014140"
        },
        {
            "MTsite": "224",
            "id": "1",
            "mountCoordinate": "5.069300",
            "springLength": "0.006460"
        }
    ],
    "unboundKinesins": [
        {
            "id": "2",
            "mountCoordinate": "5.194017"
        },
        {
            "id": "0",
            "mountCoordinate": "5.160106"
        }
    ],
    "unboundMaps": [
        {
            "id": "1",
            "mountCoordinate": "5.170922"
        },
        {
            "id": "4",
            "mountCoordinate": "5.168295"
        },
        {
            "id": "2",
            "mountCoordinate": "5.166331"
        },
        {
            "id": "3",
            "mountCoordinate": "5.134234"
        },
        {
            "id": "0",
            "mountCoordinate": "5.066192"
        }
    ]
}
