{
    "MTposition": "4.282374",
    "MTpositionStep": "0.000115",
    "boundKinesins": [
        {
            "MTsite": "225",
            "id": "0",
            "mountCoordinate": "5.179402",
            "springLength": "-0.002037"
        },
        {
            "MTsite": "225",
            "id": "4",
            "mountCoordinate": "5.181135",
            "springLength": "-0.003300"
        },
        {
            "MTsite": "225",
            "id": "2",
            "mountCoordinate": "5.179300",
            "springLength": "-0.000100"
        },
        {
            "MTsite": "225",
            "id": "1",
            "mountCoordinate": "5.182633",
            "springLength": "-0.005307"
        },
        {
            "MTsite": "200",
            "id": "3",
            "mountCoordinate": "5.080455",
            "springLength": "-0.002962"
        }
    ],
    "boundMaps": [
        {
            "MTsite": "189",
            "id": "2",
            "mountCoordinate": "5.027469",
            "springLength": "0.009347"
        },
        {
            "MTsite": "202",
            "id": "0",
            "mountCoordinate": "5.104949",
            "springLength": "-0.018191"
        },
        {
            "MTsite": "222",
            "id": "3",
            "mountCoordinate": "5.165794",
            "springLength": "-0.000471"
        },
        {
            "MTsite": "218",
            "id": "4",
            "mountCoordinate": "5.160884",
            "springLength": "-0.011343"
        },
        {
            "MTsite": "193",
            "id": "1",
            "mountCoordinate": "5.032094",
            "springLength": "0.016797"
        }
    ]
}
