{
    "MTposition": "4.156662",
    "MTpositionStep": "0.000760",
    "boundKinesins": [
        {
            "MTsite": "225",
            "id": "1",
            "mountCoordinate": "5.041881",
            "springLength": "0.010896"
        }
    ],
    "boundMaps": [
        {
            "MTsite": "215",
            "id": "0",
            "mountCoordinate": "5.019894",
            "springLength": "-0.007914"
        }
    ],
    "unboundKinesins": [
        {
            "id": "4",
            "mountCoordinate": "5.197006"
        },
        {
            "id": "0",
            "mountCoordinate": "5.189495"
        },
        {
            "id": "3",
            "mountCoordinate": "5.074022"
        },
        {
            "id": "2",
            "mountCoordinate": "5.012851"
        }
    ],
    "unboundMaps": [
        {
            "id": "4",
            "mountCoordinate": "5.165042"
        },
        {
            "id": "1",
            "mountCoordinate": "5.121695"
        },
        {
            "id": "2",
            "mountCoordinate": "5.106079"
        },
        {
            "id": "3",
            "mountCoordinate": "5.096567"
        }
    ]
}
