{
    "MTposition": "4.247171",
    "MTpositionStep": "0.000559",
    "boundKinesins": [
        {
            "MTsite": "225",
            "id": "1",
            "mountCoordinate": "5.168847",
            "springLength": "-0.025569"
        },
        {
            "MTsite": "202",
            "id": "0",
            "mountCoordinate": "5.036356",
            "springLength": "0.015732"
        },
        {
            "MTsite": "213",
            "id": "4",
            "mountCoordinate": "5.082045",
            "springLength": "0.011260"
        }
    ],
    "boundMaps": [
        {
            "MTsite": "195",
            "id": "0",
            "mountCoordinate": "5.020599",
            "springLength": "0.001950"
        },
        {
            "MTsite": "224",
            "id": "2",
            "mountCoordinate": "5.125952",
            "springLength": "0.012840"
        },
        {
            "MTsite": "202",
            "id": "1",
            "mountCoordinate": "5.043900",
            "springLength": "0.006413"
        },
        {
            "MTsite": "189",
            "id": "4",
            "mountCoordinate": "5.008255",
            "springLength": "-0.009990"
        }
    ],
    "unboundKinesins": [
        {
            "id": "2",
            "mountCoordinate": "5.177773"
        },
        {
            "id": "3",
            "mountCoordinate": "5.161364"
        }
    ],
    "unboundMaps": [
        {
            "id": "3",
            "mountCoordinate": "5.171985"
        }
    ]
}
