{
    "MTposition": "4.233970",
    "MTpositionStep": "0.000816",
    "boundKinesins": [
        {
            "MTsite": "225",
            "id": "2",
            "mountCoordinate": "5.143062",
            "springLength": "-0.012847"
        },
        {
            "MTsite": "224",
            "id": "4",
            "mountCoordinate": "5.135127",
            "springLength": "-0.010120"
        },
        {
            "MTsite": "213",
            "id": "3",
            "mountCoordinate": "5.051576",
            "springLength": "0.029077"
        },
        {
            "MTsite": "221",
            "id": "0",
            "mountCoordinate": "5.086094",
            "springLength": "0.028122"
        }
    ],
    "boundMaps": [
        {
            "MTsite": "191",
            "id": "1",
            "mountCoordinate": "5.023507",
            "springLength": "-0.029742"
        },
        {
            "MTsite": "196",
            "id": "0",
            "mountCoordinate": "5.008043",
            "springLength": "0.005551"
        },
        {
            "MTsite": "192",
            "id": "2",
            "mountCoordinate": "5.001630",
            "springLength": "-0.004372"
        },
        {
            "MTsite": "221",
            "id": "4",
            "mountCoordinate": "5.120649",
            "springLength": "-0.007242"
        }
    ],
    "unboundKinesins": [
        {
            "id": "1",
            "mountCoordinate": "5.082549"
        }
    ],
    "unboundMaps": [
        {
            "id": "3",
            "mountCoordinate": "5.196099"
        }
    ]
}
