{
    "MTposition": "4.138390",
    "MTpositionStep": "0.000241",
    "boundKinesins": [
        {
            "MTsite": "225",
            "id": "0",
            "mountCoordinate": "5.034165",
            "springLength": "0.000416"
        },
        {
            "MTsite": "225",
            "id": "2",
            "mountCoordinate": "5.032849",
            "springLength": "0.000949"
        }
    ],
    "boundMaps": [
        {
            "MTsite": "216",
            "id": "0",
            "mountCoordinate": "5.004285",
            "springLength": "-0.006369"
        }
    ],
    "unboundKinesins": [
        {
            "id": "4",
            "mountCoordinate": "5.062756"
        },
        {
            "id": "3",
            "mountCoordinate": "5.079414"
        },
        {
            "id": "1",
            "mountCoordinate": "5.057608"
        }
    ],
    "unboundMaps": [
        {
            "id": "2",
            "mountCoordinate": "5.186930"
        },
        {
            "id": "3",
            "mountCoordinate": "5.164901"
        },
        {
            "id": "4",
            "mountCoordinate": "5.115151"
        },
        {
            "id": "1",
            "mountCoordinate": "5.097452"
        }
    ]
}
