{
    "MTposition": "4.255588",
    "MTpositionStep": "0.000332",
    "boundKinesins": [
        {
            "MTsite": "225",
            "id": "3",
            "mountCoordinate": "5.165730",
            "springLength": "-0.014456"
        },
        {
            "MTsite": "209",
            "id": "2",
            "mountCoordinate": "5.073378",
            "springLength": "0.015283"
        },
        {
            "MTsite": "225",
            "id": "1",
            "mountCoordinate": "5.161995",
            "springLength": "-0.011117"
        },
        {
            "MTsite": "217",
            "id": "4",
            "mountCoordinate": "5.120597",
            "springLength": "-0.000965"
        }
    ],
    "boundMaps": [
        {
            "MTsite": "212",
            "id": "0",
            "mountCoordinate": "5.082012",
            "springLength": "0.018015"
        },
        {
            "MTsite": "201",
            "id": "1",
            "mountCoordinate": "5.045586",
            "springLength": "0.007894"
        },
        {
            "MTsite": "202",
            "id": "3",
            "mountCoordinate": "5.049483",
            "springLength": "0.007861"
        },
        {
            "MTsite": "221",
            "id": "2",
            "mountCoordinate": "5.138385",
            "springLength": "-0.003882"
        }
    ],
    "unboundKinesins": [
        {
            "id": "0",
            "mountCoordinate": "5.001133"
        }
    ],
    "unboundMaps": [
        {
            "id": "4",
            "mountCoordinate": "5.185741"
        }
    ]
}
