{
    "MTposition": "4.128844",
    "MTpositionStep": "-0.000250",
    "boundKinesins": [
        {
            "MTsite": "225",
            "id": "2",
            "mountCoordinate": "5.048910",
            "springLength": "-0.022608"
        },
        {
            "MTsite": "225",
            "id": "4",
            "mountCoordinate": "5.040794",
            "springLength": "-0.015124"
        },
        {
            "MTsite": "225",
            "id": "0",
            "mountCoordinate": "5.015202",
            "springLength": "0.010145"
        }
    ],
    "boundMaps": [
        {
            "MTsite": "223",
            "id": "0",
            "mountCoordinate": "5.002301",
            "springLength": "0.012995"
        }
    ],
    "unboundKinesins": [
        {
            "id": "3",
            "mountCoordinate": "5.181675"
        },
        {
            "id": "1",
            "mountCoordinate": "5.086525"
        }
    ],
    "unboundMaps": [
        {
            "id": "4",
            "mountCoordinate": "5.195802"
        },
        {
            "id": "3",
            "mountCoordinate": "5.169926"
        },
        {
            "id": "2",
            "mountCoordinate": "5.113828"
        },
        {
            "id": "1",
            "mountCoordinate": "5.085378"
        }
    ]
}
