{
    "MTposition": "4.294397",
    "MTpositionStep": "0.000826",
    "boundKinesins": [
        {
            "MTsite": "225",
            "id": "2",
            "mountCoordinate": "5.190456",
            "springLength": "0.000122"
        },
        {
            "MTsite": "224",
            "id": "0",
            "mountCoordinate": "5.177482",
            "springLength": "0.007238"
        },
        {
            "MTsite": "225",
            "id": "1",
            "mountCoordinate": "5.190882",
            "springLength": "-0.001519"
        },
        {
            "MTsite": "216",
            "id": "4",
            "mountCoordinate": "5.128071",
            "springLength": "0.025809"
        }
    ],
    "boundMaps": [
        {
            "MTsite": "178",
            "id": "2",
            "mountCoordinate": "5.008235",
            "springLength": "-0.006531"
        },
        {
            "MTsite": "211",
            "id": "1",
            "mountCoordinate": "5.134573",
            "springLength": "-0.000347"
        },
        {
            "MTsite": "214",
            "id": "4",
            "mountCoordinate": "5.163311",
            "springLength": "-0.018088"
        },
        {
            "MTsite": "217",
            "id": "3",
            "mountCoordinate": "5.168315",
            "springLength": "-0.009715"
        },
        {
            "MTsite": "221",
            "id": "0",
            "mountCoordinate": "5.190090",
            "springLength": "-0.017286"
        }
    ],
    "unboundKinesins": [
        {
            "id": "3",
            "mountCoordinate": "5.124298"
        }
    ]
}
