{
    "MTposition": "4.154671",
    "MTpositionStep": "0.001789",
    "boundKinesins": [
        {
            "MTsite": "225",
            "id": "2",
            "mountCoordinate": "5.073256",
            "springLength": "-0.023654"
        },
        {
            "MTsite": "225",
            "id": "4",
            "mountCoordinate": "5.040257",
            "springLength": "0.009595"
        },
        {
            "MTsite": "224",
            "id": "3",
            "mountCoordinate": "5.029801",
            "springLength": "0.014421"
        }
    ],
    "unboundKinesins": [
        {
            "id": "0",
            "mountCoordinate": "5.184379"
        },
        {
            "id": "1",
            "mountCoordinate": "5.131817"
        }
    ],
    "unboundMaps": [
        {
            "id": "4",
            "mountCoordinate": "5.136285"
        },
        {
            "id": "3",
            "mountCoordinate": "5.107803"
        },
        {
            "id": "2",
            "mountCoordinate": "5.072824"
        },
        {
            "id": "1",
            "mountCoordinate": "5.063885"
        },
        {
            "id": "0",
            "mountCoordinate": "5.044399"
        }
    ]
}
