{
    "MTposition": "4.135604",
    "MTpositionStep": "-0.000093",
    "boundKinesins": [
        {
            "MTsite": "225",
            "id": "0",
            "mountCoordinate": "5.039153",
            "springLength": "-0.007528"
        },
        {
            "MTsite": "224",
            "id": "4",
            "mountCoordinate": "5.020306",
            "springLength": "0.006474"
        }
    ],
    "unboundKinesins": [
        {
            "id": "1",
            "mountCoordinate": "5.084675"
        },
        {
            "id": "3",
            "mountCoordinate": "5.089553"
        },
        {
            "id": "2",
            "mountCoordinate": "5.083603"
        }
    ],
    "unboundMaps": [
        {
            "id": "3",
            "mountCoordinate": "5.161912"
        },
        {
            "id": "0",
            "mountCoordinate": "5.152225"
        },
        {
            "id": "4",
            "mountCoordinate": "5.150241"
        },
        {
            "id": "2",
            "mountCoordinate": "5.081668"
        },
        {
            "id": "1",
            "mountCoordinate": "5.067910"
        }
    ]
}
