{
    "MTposition": "4.229133",
    "MTpositionStep": "-0.000250",
    "boundKinesins": [
        {
            "MTsite": "224",
            "id": "1",
            "mountCoordinate": "5.133856",
            "springLength": "-0.011521"
        },
        {
            "MTsite": "224",
            "id": "0",
            "mountCoordinate": "5.137937",
            "springLength": "-0.017517"
        },
        {
            "MTsite": "200",
            "id": "3",
            "mountCoordinate": "5.021988",
            "springLength": "0.005295"
        }
    ],
    "boundMaps": [
        {
            "MTsite": "201",
            "id": "3",
            "mountCoordinate": "5.005354",
            "springLength": "0.023767"
        },
        {
            "MTsite": "223",
            "id": "0",
            "mountCoordinate": "5.122591",
            "springLength": "-0.005946"
        }
    ],
    "unboundKinesins": [
        {
            "id": "2",
            "mountCoordinate": "5.184138"
        },
        {
            "id": "4",
            "mountCoordinate": "5.150185"
        }
    ],
    "unboundMaps": [
        {
            "id": "2",
            "mountCoordinate": "5.175963"
        },
        {
            "id": "1",
            "mountCoordinate": "5.170092"
        },
        {
            "id": "4",
            "mountCoordinate": "5.163478"
        }
    ]
}
