{
    "MTposition": "4.187458",
    "MTpositionStep": "-0.000803",
    "boundKinesins": [
        {
            "MTsite": "225",
            "id": "2",
            "mountCoordinate": "5.093592",
            "springLength": "-0.009262"
        },
        {
            "MTsite": "225",
            "id": "0",
            "mountCoordinate": "5.096160",
            "springLength": "-0.012100"
        },
        {
            "MTsite": "224",
            "id": "3",
            "mountCoordinate": "5.076918",
            "springLength": "0.003653"
        },
        {
            "MTsite": "221",
            "id": "4",
            "mountCoordinate": "5.058769",
            "springLength": "0.008260"
        }
    ],
    "boundMaps": [
        {
            "MTsite": "225",
            "id": "3",
            "mountCoordinate": "5.080665",
            "springLength": "0.004310"
        }
    ],
    "unboundKinesins": [
        {
            "id": "1",
            "mountCoordinate": "5.182984"
        }
    ],
    "unboundMaps": [
        {
            "id": "1",
            "mountCoordinate": "5.175710"
        },
        {
            "id": "0",
            "mountCoordinate": "5.168194"
        },
        {
            "id": "4",
            "mountCoordinate": "5.126395"
        },
        {
            "id": "2",
            "mountCoordinate": "5.122313"
        }
    ]
}
