{
    "MTposition": "4.550000",
    "MTpositionStep": "0.000000",
    "unboundKinesins": [
        {
            "id": "0",
            "mountCoordinate": "5.017528"
        },
        {
            "id": "1",
            "mountCoordinate": "5.143368"
        },
        {
            "id": "2",
            "mountCoordinate": "5.164952"
        },
        {
            "id": "3",
            "mountCoordinate": "5.172609"
        },
        {
            "id": "4",
            "mountCoordinate": "5.018246"
        }
    ],
    "unboundMaps": [
        {
            "id": "0",
            "mountCoordinate": "5.184298"
        },
        {
            "id": "1",
            "mountCoordinate": "5.097679"
        },
        {
            "id": "2",
            "mountCoordinate": "5.082279"
        },
        {
            "id": "3",
            "mountCoordinate": "5.161067"
        },
        {
            "id": "4",
            "mountCoordinate": "5.182108"
        }
    ]
}
