{
    "MTposition": "4.135157",
    "MTpositionStep": "0.001546",
    "boundKinesins": [
        {
            "MTsite": "225",
            "id": "1",
            "mountCoordinate": "5.047888",
            "springLength": "-0.017258"
        },
        {
            "MTsite": "221",
            "id": "0",
            "mountCoordinate": "5.002223",
            "springLength": "0.012745"
        }
    ],
    "unboundKinesins": [
        {
            "id": "3",
            "mountCoordinate": "5.163292"
        },
        {
            "id": "2",
            "mountCoordinate": "5.075503"
        },
        {
            "id": "4",
            "mountCoordinate": "5.084470"
        }
    ],
    "unboundMaps": [
        {
            "id": "4",
            "mountCoordinate": "5.185288"
        },
        {
            "id": "3",
            "mountCoordinate": "5.174418"
        },
        {
            "id": "1",
            "mountCoordinate": "5.153213"
        },
        {
            "id": "0",
            "mountCoordinate": "5.122407"
        },
        {
            "id": "2",
            "mountCoordinate": "5.080385"
        }
    ]
}
