{
    "MTposition": "4.550000",
    "MTpositionStep": "0.000000",
    "unboundKinesins": [
        {
            "id": "0",
            "mountCoordinate": "5.121468"
        },
        {
            "id": "1",
            "mountCoordinate": "5.171887"
        },
        {
            "id": "2",
            "mountCoordinate": "5.178597"
        },
        {
            "id": "3",
            "mountCoordinate": "5.035831"
        },
        {
            "id": "4",
            "mountCoordinate": "5.151717"
        }
    ],
    "unboundMaps": [
        {
            "id": "0",
            "mountCoordinate": "5.150332"
        },
        {
            "id": "1",
            "mountCoordinate": "5.121469"
        },
        {
            "id": "2",
            "mountCoordinate": "5.158804"
        },
        {
            "id": "3",
            "mountCoordinate": "5.077609"
        },
        {
            "id": "4",
            "mountCoordinate": "5.068069"
        }
    ]
}
