{
    "MTposition": "4.550000",
    "MTpositionStep": "0.000000",
    "unboundKinesins": [
        {
            "id": "0",
            "mountCoordinate": "5.142622"
        },
        {
            "id": "1",
            "mountCoordinate": "5.058983"
        },
        {
            "id": "2",
            "mountCoordinate": "5.111868"
        },
        {
            "id": "3",
            "mountCoordinate": "5.019868"
        },
        {
            "id": "4",
            "mountCoordinate": "5.021700"
        }
    ],
    "unboundMaps": [
        {
            "id": "0",
            "mountCoordinate": "5.045222"
        },
        {
            "id": "1",
            "mountCoordinate": "5.150157"
        },
        {
            "id": "2",
            "mountCoordinate": "5.162969"
        },
        {
            "id": "3",
            "mountCoordinate": "5.122599"
        },
        {
            "id": "4",
            "mountCoordinate": "5.077443"
        }
    ]
}
