{
    "MTposition": "4.140252",
    "MTpositionStep": "0.000478",
    "boundKinesins": [
        {
            "MTsite": "224",
            "id": "3",
            "mountCoordinate": "5.035831",
            "springLength": "-0.003714"
        }
    ],
    "unboundKinesins": [
        {
            "id": "2",
            "mountCoordinate": "5.178597"
        },
        {
            "id": "1",
            "mountCoordinate": "5.171887"
        },
        {
            "id": "4",
            "mountCoordinate": "5.151717"
        },
        {
            "id": "0",
            "mountCoordinate": "5.121468"
        }
    ],
    "unboundMaps": [
        {
            "id": "2",
            "mountCoordinate": "5.158804"
        },
        {
            "id": "0",
            "mountCoordinate": "5.150332"
        },
        {
            "id": "1",
            "mountCoordinate": "5.121469"
        },
        {
            "id": "3",
            "mountCoordinate": "5.077609"
        },
        {
            "id": "4",
            "mountCoordinate": "5.068069"
        }
    ]
}
