{
    "MTposition": "4.550000",
    "MTpositionStep": "0.000000",
    "unboundKinesins": [
        {
            "id": "0",
            "mountCoordinate": "5.128802"
        },
        {
            "id": "1",
            "mountCoordinate": "5.022434"
        },
        {
            "id": "2",
            "mountCoordinate": "5.141006"
        },
        {
            "id": "3",
            "mountCoordinate": "5.029009"
        },
        {
            "id": "4",
            "mountCoordinate": "5.117243"
        }
    ],
    "unboundMaps": [
        {
            "id": "0",
            "mountCoordinate": "5.026816"
        },
        {
            "id": "1",
            "mountCoordinate": "5.034289"
        },
        {
            "id": "2",
            "mountCoordinate": "5.182407"
        },
        {
            "id": "3",
            "mountCoordinate": "5.020401"
        },
        {
            "id": "4",
            "mountCoordinate": "5.100014"
        }
    ]
}
