{
    "MTposition": "4.179064",
    "MTpositionStep": "0.000935",
    "boundKinesins": [
        {
            "MTsite": "225",
            "id": "1",
            "mountCoordinate": "5.098918",
            "springLength": "-0.024839"
        },
        {
            "MTsite": "223",
            "id": "0",
            "mountCoordinate": "5.059752",
            "springLength": "0.005971"
        }
    ],
    "boundMaps": [
        {
            "MTsite": "210",
            "id": "4",
            "mountCoordinate": "5.030076",
            "springLength": "-0.014729"
        },
        {
            "MTsite": "208",
            "id": "0",
            "mountCoordinate": "5.005034",
            "springLength": "0.001090"
        },
        {
            "MTsite": "224",
            "id": "3",
            "mountCoordinate": "5.052721",
            "springLength": "0.016864"
        },
        {
            "MTsite": "220",
            "id": "2",
            "mountCoordinate": "5.053113",
            "springLength": "0.001177"
        }
    ],
    "unboundKinesins": [
        {
            "id": "3",
            "mountCoordinate": "5.166382"
        },
        {
            "id": "4",
            "mountCoordinate": "5.116664"
        },
        {
            "id": "2",
            "mountCoordinate": "5.088603"
        }
    ],
    "unboundMaps": [
        {
            "id": "1",
            "mountCoordinate": "5.141842"
        }
    ]
}
