{
    "MTposition": "4.144354",
    "MTpositionStep": "0.001154",
    "boundKinesins": [
        {
            "MTsite": "222",
            "id": "0",
            "mountCoordinate": "5.014145",
            "springLength": "0.013117"
        },
        {
            "MTsite": "224",
            "id": "2",
            "mountCoordinate": "5.024266",
            "springLength": "0.012030"
        }
    ],
    "boundMaps": [
        {
            "MTsite": "225",
            "id": "2",
            "mountCoordinate": "5.049578",
            "springLength": "-0.010443"
        },
        {
            "MTsite": "213",
            "id": "1",
            "mountCoordinate": "5.008126",
            "springLength": "-0.016102"
        },
        {
            "MTsite": "219",
            "id": "3",
            "mountCoordinate": "5.018710",
            "springLength": "-0.002118"
        }
    ],
    "unboundKinesins": [
        {
            "id": "1",
            "mountCoordinate": "5.167990"
        },
        {
            "id": "3",
            "mountCoordinate": "5.113862"
        },
        {
            "id": "4",
            "mountCoordinate": "5.087412"
        }
    ],
    "unboundMaps": [
        {
            "id": "4",
            "mountCoordinate": "5.138965"
        },
        {
            "id": "0",
            "mountCoordinate": "5.003750"
        }
    ]
}
