{
    "MTposition": "4.238396",
    "MTpositionStep": "-0.000756",
    "boundKinesins": [
        {
            "MTsite": "224",
            "id": "1",
            "mountCoordinate": "5.135305",
            "springLength": "-0.004141"
        },
        {
            "MTsite": "225",
            "id": "4",
            "mountCoordinate": "5.139217",
            "springLength": "-0.004818"
        },
        {
            "MTsite": "218",
            "id": "0",
            "mountCoordinate": "5.089959",
            "springLength": "0.016601"
        },
        {
            "MTsite": "204",
            "id": "2",
            "mountCoordinate": "5.049221",
            "springLength": "0.002297"
        },
        {
            "MTsite": "194",
            "id": "3",
            "mountCoordinate": "5.005625",
            "springLength": "0.004661"
        }
    ],
    "boundMaps": [
        {
            "MTsite": "215",
            "id": "0",
            "mountCoordinate": "5.103356",
            "springLength": "-0.008832"
        },
        {
            "MTsite": "205",
            "id": "2",
            "mountCoordinate": "5.056455",
            "springLength": "-0.001526"
        },
        {
            "MTsite": "223",
            "id": "1",
            "mountCoordinate": "5.120971",
            "springLength": "0.006089"
        }
    ],
    "unboundMaps": [
        {
            "id": "4",
            "mountCoordinate": "5.198976"
        },
        {
            "id": "3",
            "mountCoordinate": "5.173744"
        }
    ]
}
