{
    "MTposition": "4.255697",
    "MTpositionStep": "-0.000142",
    "boundKinesins": [
        {
            "MTsite": "224",
            "id": "3",
            "mountCoordinate": "5.163722",
            "springLength": "-0.016620"
        },
        {
            "MTsite": "224",
            "id": "0",
            "mountCoordinate": "5.162716",
            "springLength": "-0.013654"
        },
        {
            "MTsite": "215",
            "id": "1",
            "mountCoordinate": "5.118271",
            "springLength": "-0.007109"
        }
    ],
    "boundMaps": [
        {
            "MTsite": "194",
            "id": "0",
            "mountCoordinate": "5.004991",
            "springLength": "0.022608"
        },
        {
            "MTsite": "199",
            "id": "3",
            "mountCoordinate": "5.042422",
            "springLength": "0.004987"
        },
        {
            "MTsite": "225",
            "id": "2",
            "mountCoordinate": "5.143985",
            "springLength": "0.007075"
        }
    ],
    "unboundKinesins": [
        {
            "id": "4",
            "mountCoordinate": "5.185329"
        },
        {
            "id": "2",
            "mountCoordinate": "5.022197"
        }
    ],
    "unboundMaps": [
        {
            "id": "4",
            "mountCoordinate": "5.174486"
        },
        {
            "id": "1",
            "mountCoordinate": "5.164460"
        }
    ]
}
