{
    "MTposition": "4.550000",
    "MTpositionStep": "0.000000",
    "unboundKinesins": [
        {
            "id": "0",
            "mountCoordinate": "5.089244"
        },
        {
            "id": "1",
            "mountCoordinate": "5.174677"
        },
        {
            "id": "2",
            "mountCoordinate": "5.017287"
        },
        {
            "id": "3",
            "mountCoordinate": "5.144720"
        },
        {
            "id": "4",
            "mountCoordinate": "5.070096"
        }
    ],
    "unboundMaps": [
        {
            "id": "0",
            "mountCoordinate": "5.006793"
        },
        {
            "id": "1",
            "mountCoordinate": "5.059087"
        },
        {
            "id": "2",
            "mountCoordinate": "5.016505"
        },
        {
            "id": "3",
            "mountCoordinate": "5.145191"
        },
        {
            "id": "4",
            "mountCoordinate": "5.074567"
        }
    ]
}
