{
    "MTposition": "4.198346",
    "MTpositionStep": "-0.000172",
    "boundKinesins": [
        {
            "MTsite": "225",
            "id": "0",
            "mountCoordinate": "5.089244",
            "springLength": "0.005112"
        }
    ],
    "boundMaps": [
        {
            "MTsite": "204",
            "id": "2",
            "mountCoordinate": "5.016505",
            "springLength": "-0.004729"
        },
        {
            "MTsite": "203",
            "id": "0",
            "mountCoordinate": "5.006793",
            "springLength": "-0.000747"
        },
        {
            "MTsite": "221",
            "id": "4",
            "mountCoordinate": "5.074567",
            "springLength": "0.003634"
        },
        {
            "MTsite": "215",
            "id": "1",
            "mountCoordinate": "5.059087",
            "springLength": "-0.004502"
        }
    ],
    "unboundKinesins": [
        {
            "id": "3",
            "mountCoordinate": "5.144720"
        },
        {
            "id": "1",
            "mountCoordinate": "5.174677"
        },
        {
            "id": "2",
            "mountCoordinate": "5.017287"
        },
        {
            "id": "4",
            "mountCoordinate": "5.070096"
        }
    ],
    "unboundMaps": [
        {
            "id": "3",
            "mountCoordinate": "5.145191"
        }
    ]
}
