{
    "MTposition": "4.164519",
    "MTpositionStep": "-0.000739",
    "boundKinesins": [
        {
            "MTsite": "225",
            "id": "0",
            "mountCoordinate": "5.037016",
            "springLength": "0.024384"
        },
        {
            "MTsite": "225",
            "id": "4",
            "mountCoordinate": "5.064107",
            "springLength": "-0.004448"
        }
    ],
    "boundMaps": [
        {
            "MTsite": "217",
            "id": "0",
            "mountCoordinate": "5.030885",
            "springLength": "-0.002922"
        },
        {
            "MTsite": "211",
            "id": "2",
            "mountCoordinate": "5.023990",
            "springLength": "-0.018425"
        }
    ],
    "unboundKinesins": [
        {
            "id": "2",
            "mountCoordinate": "5.189546"
        },
        {
            "id": "1",
            "mountCoordinate": "5.186308"
        },
        {
            "id": "3",
            "mountCoordinate": "5.096950"
        }
    ],
    "unboundMaps": [
        {
            "id": "1",
            "mountCoordinate": "5.139773"
        },
        {
            "id": "4",
            "mountCoordinate": "5.126548"
        },
        {
            "id": "3",
            "mountCoordinate": "5.097035"
        }
    ]
}
