{
    "MTposition": "4.425770",
    "MTpositionStep": "-0.000740",
    "boundKinesins": [
        {
            "MTsite": "163",
            "id": "2",
            "mountCoordinate": "5.081863",
            "springLength": "-0.007830"
        }
    ],
    "boundMaps": [
        {
            "MTsite": "173",
            "id": "4",
            "mountCoordinate": "5.088045",
            "springLength": "0.027228"
        },
        {
            "MTsite": "171",
            "id": "0",
            "mountCoordinate": "5.120014",
            "springLength": "-0.012939"
        },
        {
            "MTsite": "148",
            "id": "3",
            "mountCoordinate": "5.004720",
            "springLength": "0.010337"
        },
        {
            "MTsite": "175",
            "id": "2",
            "mountCoordinate": "5.139330",
            "springLength": "-0.016673"
        },
        {
            "MTsite": "194",
            "id": "1",
            "mountCoordinate": "5.185479",
            "springLength": "0.013340"
        }
    ],
    "unboundKinesins": [
        {
            "id": "0",
            "mountCoordinate": "5.183396"
        },
        {
            "id": "4",
            "mountCoordinate": "5.141283"
        },
        {
            "id": "3",
            "mountCoordinate": "5.128612"
        },
        {
            "id": "1",
            "mountCoordinate": "5.043651"
        }
    ]
}
