{
    "MTposition": "4.090258",
    "MTpositionStep": "-0.000511",
    "unboundKinesins": [
        {
            "id": "3",
            "mountCoordinate": "5.150799"
        },
        {
            "id": "4",
            "mountCoordinate": "5.146348"
        },
        {
            "id": "1",
            "mountCoordinate": "5.084208"
        },
        {
            "id": "2",
            "mountCoordinate": "5.066078"
        },
        {
            "id": "0",
            "mountCoordinate": "5.011931"
        }
    ],
    "unboundMaps": [
        {
            "id": "4",
            "mountCoordinate": "5.165412"
        },
        {
            "id": "3",
            "mountCoordinate": "5.153196"
        },
        {
            "id": "1",
            "mountCoordinate": "5.091192"
        },
        {
            "id": "0",
            "mountCoordinate": "5.070720"
        },
        {
            "id": "2",
            "mountCoordinate": "5.057051"
        }
    ]
}
