{
    "MTposition": "4.550000",
    "MTpositionStep": "0.000000",
    "unboundKinesins": [
        {
            "id": "0",
            "mountCoordinate": "5.045468"
        },
        {
            "id": "1",
            "mountCoordinate": "5.063794"
        },
        {
            "id": "2",
            "mountCoordinate": "5.195645"
        },
        {
            "id": "3",
            "mountCoordinate": "5.091117"
        },
        {
            "id": "4",
            "mountCoordinate": "5.061603"
        }
    ],
    "unboundMaps": [
        {
            "id": "0",
            "mountCoordinate": "5.052774"
        },
        {
            "id": "1",
            "mountCoordinate": "5.017349"
        },
        {
            "id": "2",
            "mountCoordinate": "5.083874"
        },
        {
            "id": "3",
            "mountCoordinate": "5.003182"
        },
        {
            "id": "4",
            "mountCoordinate": "5.105553"
        }
    ]
}
