{
    "MTposition": "4.550000",
    "MTpositionStep": "0.000000",
    "unboundKinesins": [
        {
            "id": "0",
            "mountCoordinate": "5.058887"
        },
        {
            "id": "1",
            "mountCoordinate": "5.010571"
        },
        {
            "id": "2",
            "mountCoordinate": "5.063498"
        },
        {
            "id": "3",
            "mountCoordinate": "5.196790"
        },
        {
            "id": "4",
            "mountCoordinate": "5.101804"
        }
    ],
    "unboundMaps": [
        {
            "id": "0",
            "mountCoordinate": "5.157436"
        },
        {
            "id": "1",
            "mountCoordinate": "5.094810"
        },
        {
            "id": "2",
            "mountCoordinate": "5.123744"
        },
        {
            "id": "3",
            "mountCoordinate": "5.054926"
        },
        {
            "id": "4",
            "mountCoordinate": "5.111993"
        }
    ]
}
