{
    "MTposition": "4.550000",
    "MTpositionStep": "0.000000",
    "unboundKinesins": [
        {
            "id": "0",
            "mountCoordinate": "5.015202"
        },
        {
            "id": "1",
            "mountCoordinate": "5.086525"
        },
        {
            "id": "2",
            "mountCoordinate": "5.048910"
        },
        {
            "id": "3",
            "mountCoordinate": "5.181675"
        },
        {
            "id": "4",
            "mountCoordinate": "5.040794"
        }
    ],
    "unboundMaps": [
        {
            "id": "0",
            "mountCoordinate": "5.002301"
        },
        {
            "id": "1",
            "mountCoordinate": "5.085378"
        },
        {
            "id": "2",
            "mountCoordinate": "5.113828"
        },
        {
            "id": "3",
            "mountCoordinate": "5.169926"
        },
        {
            "id": "4",
            "mountCoordinate": "5.195802"
        }
    ]
}
