{
    "MTposition": "4.170969",
    "MTpositionStep": "-0.001089",
    "boundKinesins": [
        {
            "MTsite": "224",
            "id": "3",
            "mountCoordinate": "5.061934",
            "springLength": "0.003411"
        }
    ],
    "boundMaps": [
        {
            "MTsite": "213",
            "id": "0",
            "mountCoordinate": "5.013388",
            "springLength": "0.005477"
        },
        {
            "MTsite": "213",
            "id": "3",
            "mountCoordinate": "5.025783",
            "springLength": "-0.006278"
        },
        {
            "MTsite": "223",
            "id": "4",
            "mountCoordinate": "5.061169",
            "springLength": "-0.002179"
        }
    ],
    "unboundKinesins": [
        {
            "id": "4",
            "mountCoordinate": "5.171636"
        },
        {
            "id": "2",
            "mountCoordinate": "5.151265"
        },
        {
            "id": "1",
            "mountCoordinate": "5.104817"
        },
        {
            "id": "0",
            "mountCoordinate": "5.027845"
        }
    ],
    "unboundMaps": [
        {
            "id": "1",
            "mountCoordinate": "5.124932"
        },
        {
            "id": "2",
            "mountCoordinate": "5.125951"
        }
    ]
}
