{
    "MTposition": "4.140857",
    "MTpositionStep": "-0.000513",
    "boundKinesins": [
        {
            "MTsite": "224",
            "id": "1",
            "mountCoordinate": "5.022434",
            "springLength": "0.010199"
        },
        {
            "MTsite": "224",
            "id": "3",
            "mountCoordinate": "5.029009",
            "springLength": "0.003996"
        }
    ],
    "boundMaps": [
        {
            "MTsite": "222",
            "id": "1",
            "mountCoordinate": "5.034289",
            "springLength": "-0.008266"
        },
        {
            "MTsite": "224",
            "id": "0",
            "mountCoordinate": "5.026816",
            "springLength": "0.007044"
        },
        {
            "MTsite": "221",
            "id": "3",
            "mountCoordinate": "5.020401",
            "springLength": "0.001567"
        }
    ],
    "unboundKinesins": [
        {
            "id": "2",
            "mountCoordinate": "5.141006"
        },
        {
            "id": "0",
            "mountCoordinate": "5.128802"
        },
        {
            "id": "4",
            "mountCoordinate": "5.117243"
        }
    ],
    "unboundMaps": [
        {
            "id": "2",
            "mountCoordinate": "5.182407"
        },
        {
            "id": "4",
            "mountCoordinate": "5.100014"
        }
    ]
}
