{
    "MTposition": "4.550000",
    "MTpositionStep": "0.000000",
    "unboundKinesins": [
        {
            "id": "0",
            "mountCoordinate": "5.027845"
        },
        {
            "id": "1",
            "mountCoordinate": "5.104817"
        },
        {
            "id": "2",
            "mountCoordinate": "5.151265"
        },
        {
            "id": "3",
            "mountCoordinate": "5.061934"
        },
        {
            "id": "4",
            "mountCoordinate": "5.171636"
        }
    ],
    "unboundMaps": [
        {
            "id": "0",
            "mountCoordinate": "5.013388"
        },
        {
            "id": "1",
            "mountCoordinate": "5.124932"
        },
        {
            "id": "2",
            "mountCoordinate": "5.125951"
        },
        {
            "id": "3",
            "mountCoordinate": "5.025783"
        },
        {
            "id": "4",
            "mountCoordinate": "5.061169"
        }
    ]
}
