{
    "MTposition": "4.550000",
    "MTpositionStep": "0.000000",
    "unboundKinesins": [
        {
            "id": "0",
            "mountCoordinate": "5.002223"
        },
        {
            "id": "1",
            "mountCoordinate": "5.047888"
        },
        {
            "id": "2",
            "mountCoordinate": "5.075503"
        },
        {
            "id": "3",
            "mountCoordinate": "5.163292"
        },
        {
            "id": "4",
            "mountCoordinate": "5.084470"
        }
    ],
    "unboundMaps": [
        {
            "id": "0",
            "mountCoordinate": "5.122407"
        },
        {
            "id": "1",
            "mountCoordinate": "5.153213"
        },
        {
            "id": "2",
            "mountCoordinate": "5.080385"
        },
        {
            "id": "3",
            "mountCoordinate": "5.174418"
        },
        {
            "id": "4",
            "mountCoordinate": "5.185288"
        }
    ]
}
