{
    "MTposition": "4.550000",
    "MTpositionStep": "0.000000",
    "unboundKinesins": [
        {
            "id": "0",
            "mountCoordinate": "5.065331"
        },
        {
            "id": "1",
            "mountCoordinate": "5.011137"
        },
        {
            "id": "2",
            "mountCoordinate": "5.061723"
        },
        {
            "id": "3",
            "mountCoordinate": "5.027839"
        },
        {
            "id": "4",
            "mountCoordinate": "5.140893"
        }
    ],
    "unboundMaps": [
        {
            "id": "0",
            "mountCoordinate": "5.030781"
        },
        {
            "id": "1",
            "mountCoordinate": "5.130765"
        },
        {
            "id": "2",
            "mountCoordinate": "5.173165"
        },
        {
            "id": "3",
            "mountCoordinate": "5.168907"
        },
        {
            "id": "4",
            "mountCoordinate": "5.137104"
        }
    ]
}
