{
    "MTposition": "4.138291",
    "MTpositionStep": "0.000572",
    "boundKinesins": [
        {
            "MTsite": "217",
            "id": "2",
            "mountCoordinate": "5.007230",
            "springLength": "-0.007064"
        }
    ],
    "boundMaps": [
        {
            "MTsite": "225",
            "id": "0",
            "mountCoordinate": "5.031363",
            "springLength": "0.002806"
        },
        {
            "MTsite": "225",
            "id": "4",
            "mountCoordinate": "5.034936",
            "springLength": "-0.000494"
        }
    ],
    "unboundKinesins": [
        {
            "id": "3",
            "mountCoordinate": "5.190320"
        },
        {
            "id": "0",
            "mountCoordinate": "5.159854"
        },
        {
            "id": "4",
            "mountCoordinate": "5.139535"
        },
        {
            "id": "1",
            "mountCoordinate": "5.135968"
        }
    ],
    "unboundMaps": [
        {
            "id": "1",
            "mountCoordinate": "5.169238"
        },
        {
            "id": "3",
            "mountCoordinate": "5.164870"
        },
        {
            "id": "2",
            "mountCoordinate": "5.068068"
        }
    ]
}
