{
    "MTposition": "4.550000",
    "MTpositionStep": "0.000000",
    "unboundKinesins": [
        {
            "id": "0",
            "mountCoordinate": "5.179402"
        },
        {
            "id": "1",
            "mountCoordinate": "5.182633"
        },
        {
            "id": "2",
            "mountCoordinate": "5.179300"
        },
        {
            "id": "3",
            "mountCoordinate": "5.080455"
        },
        {
            "id": "4",
            "mountCoordinate": "5.181135"
        }
    ],
    "unboundMaps": [
        {
            "id": "0",
            "mountCoordinate": "5.104949"
        },
        {
            "id": "1",
            "mountCoordinate": "5.032094"
        },
        {
            "id": "2",
            "mountCoordinate": "5.027469"
        },
        {
            "id": "3",
            "mountCoordinate": "5.165794"
        },
        {
            "id": "4",
            "mountCoordinate": "5.160884"
        }
    ]
}
