{
    "MTposition": "4.550000",
    "MTpositionStep": "0.000000",
    "unboundKinesins": [
        {
            "id": "0",
            "mountCoordinate": "5.137937"
        },
        {
            "id": "1",
            "mountCoordinate": "5.133856"
        },
        {
            "id": "2",
            "mountCoordinate": "5.184138"
        },
        {
            "id": "3",
            "mountCoordinate": "5.021988"
        },
        {
            "id": "4",
            "mountCoordinate": "5.150185"
        }
    ],
    "unboundMaps": [
        {
            "id": "0",
            "mountCoordinate": "5.122591"
        },
        {
            "id": "1",
            "mountCoordinate": "5.170092"
        },
        {
            "id": "2",
            "mountCoordinate": "5.175963"
        },
        {
            "id": "3",
            "mountCoordinate": "5.005354"
        },
        {
            "id": "4",
            "mountCoordinate": "5.163478"
        }
    ]
}
