{
    "MTposition": "4.126746",
    "MTpositionStep": "0.000010",
    "boundKinesins": [
        {
            "MTsite": "224",
            "id": "4",
            "mountCoordinate": "5.021700",
            "springLength": "-0.002104"
        },
        {
            "MTsite": "224",
            "id": "3",
            "mountCoordinate": "5.019868",
            "springLength": "-0.001169"
        }
    ],
    "unboundKinesins": [
        {
            "id": "0",
            "mountCoordinate": "5.142622"
        },
        {
            "id": "2",
            "mountCoordinate": "5.111868"
        },
        {
            "id": "1",
            "mountCoordinate": "5.058983"
        }
    ],
    "unboundMaps": [
        {
            "id": "2",
            "mountCoordinate": "5.162969"
        },
        {
            "id": "1",
            "mountCoordinate": "5.150157"
        },
        {
            "id": "3",
            "mountCoordinate": "5.122599"
        },
        {
            "id": "4",
            "mountCoordinate": "5.077443"
        },
        {
            "id": "0",
            "mountCoordinate": "5.045222"
        }
    ]
}
