{
    "MTposition": "4.110913",
    "MTpositionStep": "0.000505",
    "boundKinesins": [
        {
            "MTsite": "225",
            "id": "1",
            "mountCoordinate": "5.011137",
            "springLength": "-0.003862"
        }
    ],
    "unboundKinesins": [
        {
            "id": "4",
            "mountCoordinate": "5.140893"
        },
        {
            "id": "0",
            "mountCoordinate": "5.065331"
        },
        {
            "id": "2",
            "mountCoordinate": "5.061723"
        },
        {
            "id": "3",
            "mountCoordinate": "5.027839"
        }
    ],
    "unboundMaps": [
        {
            "id": "2",
            "mountCoordinate": "5.173165"
        },
        {
            "id": "3",
            "mountCoordinate": "5.168907"
        },
        {
            "id": "1",
            "mountCoordinate": "5.130765"
        },
        {
            "id": "4",
            "mountCoordinate": "5.137104"
        },
        {
            "id": "0",
            "mountCoordinate": "5.030781"
        }
    ]
}
