{
    "MTposition": "4.550000",
    "MTpositionStep": "0.000000",
    "unboundKinesins": [
        {
            "id": "0",
            "mountCoordinate": "5.162716"
        },
        {
            "id": "1",
            "mountCoordinate": "5.118271"
        },
        {
            "id": "2",
            "mountCoordinate": "5.022197"
        },
        {
            "id": "3",
            "mountCoordinate": "5.163722"
        },
        {
            "id": "4",
            "mountCoordinate": "5.185329"
        }
    ],
    "unboundMaps": [
        {
            "id": "0",
            "mountCoordinate": "5.004991"
        },
        {
            "id": "1",
            "mountCoordinate": "5.164460"
        },
        {
            "id": "2",
            "mountCoordinate": "5.143985"
        },
        {
            "id": "3",
            "mountCoordinate": "5.042422"
        },
        {
            "id": "4",
            "mountCoordinate": "5.174486"
        }
    ]
}
