{
    "MTposition": "4.550000",
    "MTpositionStep": "0.000000",
    "unboundKinesins": [
        {
            "id": "0",
            "mountCoordinate": "5.184379"
        },
        {
            "id": "1",
            "mountCoordinate": "5.131817"
        },
        {
            "id": "2",
            "mountCoordinate": "5.073256"
        },
        {
            "id": "3",
            "mountCoordinate": "5.029801"
        },
        {
            "id": "4",
            "mountCoordinate": "5.040257"
        }
    ],
    "unboundMaps": [
        {
            "id": "0",
            "mountCoordinate": "5.044399"
        },
        {
            "id": "1",
            "mountCoordinate": "5.063885"
        },
        {
            "id": "2",
            "mountCoordinate": "5.072824"
        },
        {
            "id": "3",
            "mountCoordinate": "5.107803"
        },
        {
            "id": "4",
            "mountCoordinate": "5.136285"
        }
    ]
}
