{
    "MTposition": "4.550000",
    "MTpositionStep": "0.000000",
    "unboundKinesins": [
        {
            "id": "0",
            "mountCoordinate": "5.180124"
        },
        {
            "id": "1",
            "mountCoordinate": "5.034539"
        },
        {
            "id": "2",
            "mountCoordinate": "5.171124"
        },
        {
            "id": "3",
            "mountCoordinate": "5.121807"
        },
        {
            "id": "4",
            "mountCoordinate": "5.119511"
        }
    ],
    "unboundMaps": [
        {
            "id": "0",
            "mountCoordinate": "5.028293"
        },
        {
            "id": "1",
            "mountCoordinate": "5.044901"
        },
        {
            "id": "2",
            "mountCoordinate": "5.139684"
        },
        {
            "id": "3",
            "mountCoordinate": "5.180636"
        },
        {
            "id": "4",
            "mountCoordinate": "5.126593"
        }
    ]
}
