{
    "MTposition": "4.550000",
    "MTpositionStep": "0.000000",
    "unboundKinesins": [
        {
            "id": "0",
            "mountCoordinate": "5.159854"
        },
        {
            "id": "1",
            "mountCoordinate": "5.135968"
        },
        {
            "id": "2",
            "mountCoordinate": "5.007230"
        },
        {
            "id": "3",
            "mountCoordinate": "5.190320"
        },
        {
            "id": "4",
            "mountCoordinate": "5.139535"
        }
    ],
    "unboundMaps": [
        {
            "id": "0",
            "mountCoordinate": "5.031363"
        },
        {
            "id": "1",
            "mountCoordinate": "5.169238"
        },
        {
            "id": "2",
            "mountCoordinate": "5.068068"
        },
        {
            "id": "3",
            "mountCoordinate": "5.164870"
        },
        {
            "id": "4",
            "mountCoordinate": "5.034936"
        }
    ]
}
