{
    "MTposition": "4.114858",
    "MTpositionStep": "0.000062",
    "boundKinesins": [
        {
            "MTsite": "225",
            "id": "4",
            "mountCoordinate": "5.018246",
            "springLength": "-0.006463"
        },
        {
            "MTsite": "225",
            "id": "0",
            "mountCoordinate": "5.017528",
            "springLength": "-0.007180"
        }
    ],
    "unboundKinesins": [
        {
            "id": "3",
            "mountCoordinate": "5.172609"
        },
        {
            "id": "2",
            "mountCoordinate": "5.164952"
        },
        {
            "id": "1",
            "mountCoordinate": "5.143368"
        }
    ],
    "unboundMaps": [
        {
            "id": "4",
            "mountCoordinate": "5.182108"
        },
        {
            "id": "0",
            "mountCoordinate": "5.184298"
        },
        {
            "id": "3",
            "mountCoordinate": "5.161067"
        },
        {
            "id": "1",
            "mountCoordinate": "5.097679"
        },
        {
            "id": "2",
            "mountCoordinate": "5.082279"
        }
    ]
}
