{
    "MTposition": "4.134995",
    "MTpositionStep": "0.000763",
    "boundKinesins": [
        {
            "MTsite": "225",
            "id": "4",
            "mountCoordinate": "5.030124",
            "springLength": "0.002171"
        },
        {
            "MTsite": "225",
            "id": "3",
            "mountCoordinate": "5.036165",
            "springLength": "-0.005021"
        }
    ],
    "boundMaps": [
        {
            "MTsite": "225",
            "id": "2",
            "mountCoordinate": "5.035038",
            "springLength": "-0.003549"
        }
    ],
    "unboundKinesins": [
        {
            "id": "0",
            "mountCoordinate": "5.139213"
        },
        {
            "id": "1",
            "mountCoordinate": "5.086650"
        },
        {
            "id": "2",
            "mountCoordinate": "5.019765"
        }
    ],
    "unboundMaps": [
        {
            "id": "4",
            "mountCoordinate": "5.152251"
        },
        {
            "id": "1",
            "mountCoordinate": "5.124182"
        },
        {
            "id": "0",
            "mountCoordinate": "5.051836"
        },
        {
            "id": "3",
            "mountCoordinate": "5.054311"
        }
    ]
}
