{
    "MTposition": "4.550000",
    "MTpositionStep": "0.000000",
    "unboundKinesins": [
        {
            "id": "0",
            "mountCoordinate": "5.096160"
        },
        {
            "id": "1",
            "mountCoordinate": "5.182984"
        },
        {
            "id": "2",
            "mountCoordinate": "5.093592"
        },
        {
            "id": "3",
            "mountCoordinate": "5.076918"
        },
        {
            "id": "4",
            "mountCoordinate": "5.058769"
        }
    ],
    "unboundMaps": [
        {
            "id": "0",
            "mountCoordinate": "5.168194"
        },
        {
            "id": "1",
            "mountCoordinate": "5.175710"
        },
        {
            "id": "2",
            "mountCoordinate": "5.122313"
        },
        {
            "id": "3",
            "mountCoordinate": "5.080665"
        },
        {
            "id": "4",
            "mountCoordinate": "5.126395"
        }
    ]
}
