{
    "MTposition": "4.171441",
    "MTpositionStep": "0.000990",
    "boundKinesins": [
        {
            "MTsite": "224",
            "id": "2",
            "mountCoordinate": "5.063498",
            "springLength": "-0.001065"
        },
        {
            "MTsite": "224",
            "id": "0",
            "mountCoordinate": "5.058887",
            "springLength": "0.003209"
        },
        {
            "MTsite": "212",
            "id": "1",
            "mountCoordinate": "5.010571",
            "springLength": "0.004996"
        }
    ],
    "boundMaps": [
        {
            "MTsite": "224",
            "id": "3",
            "mountCoordinate": "5.054926",
            "springLength": "0.006990"
        }
    ],
    "unboundKinesins": [
        {
            "id": "3",
            "mountCoordinate": "5.196790"
        },
        {
            "id": "4",
            "mountCoordinate": "5.101804"
        }
    ],
    "unboundMaps": [
        {
            "id": "0",
            "mountCoordinate": "5.157436"
        },
        {
            "id": "2",
            "mountCoordinate": "5.123744"
        },
        {
            "id": "4",
            "mountCoordinate": "5.111993"
        },
        {
            "id": "1",
            "mountCoordinate": "5.094810"
        }
    ]
}
