{
    "MTposition": "4.188785",
    "MTpositionStep": "-0.000444",
    "boundKinesins": [
        {
            "MTsite": "225",
            "id": "4",
            "mountCoordinate": "5.088383",
            "springLength": "-0.004848"
        },
        {
            "MTsite": "214",
            "id": "1",
            "mountCoordinate": "5.036998",
            "springLength": "0.004455"
        }
    ],
    "boundMaps": [
        {
            "MTsite": "214",
            "id": "0",
            "mountCoordinate": "5.036799",
            "springLength": "0.003285"
        },
        {
            "MTsite": "214",
            "id": "2",
            "mountCoordinate": "5.043931",
            "springLength": "-0.005005"
        },
        {
            "MTsite": "209",
            "id": "1",
            "mountCoordinate": "5.019964",
            "springLength": "0.000124"
        }
    ],
    "unboundKinesins": [
        {
            "id": "0",
            "mountCoordinate": "5.133819"
        },
        {
            "id": "2",
            "mountCoordinate": "5.156336"
        },
        {
            "id": "3",
            "mountCoordinate": "5.114782"
        }
    ],
    "unboundMaps": [
        {
            "id": "3",
            "mountCoordinate": "5.166668"
        },
        {
            "id": "4",
            "mountCoordinate": "5.085353"
        }
    ]
}
