{
    "MTposition": "4.550000",
    "MTpositionStep": "0.000000",
    "unboundKinesins": [
        {
            "id": "0",
            "mountCoordinate": "5.089959"
        },
        {
            "id": "1",
            "mountCoordinate": "5.135305"
        },
        {
            "id": "2",
            "mountCoordinate": "5.049221"
        },
        {
            "id": "3",
            "mountCoordinate": "5.005625"
        },
        {
            "id": "4",
            "mountCoordinate": "5.139217"
        }
    ],
    "unboundMaps": [
        {
            "id": "0",
            "mountCoordinate": "5.103356"
        },
        {
            "id": "1",
            "mountCoordinate": "5.120971"
        },
        {
            "id": "2",
            "mountCoordinate": "5.056455"
        },
        {
            "id": "3",
            "mountCoordinate": "5.173744"
        },
        {
            "id": "4",
            "mountCoordinate": "5.198976"
        }
    ]
}
