{
    "MTposition": "4.198315",
    "MTpositionStep": "-0.000234",
    "boundKinesins": [
        {
            "MTsite": "207",
            "id": "4",
            "mountCoordinate": "5.021035",
            "springLength": "0.000603"
        },
        {
            "MTsite": "211",
            "id": "0",
            "mountCoordinate": "5.013661",
            "springLength": "0.025112"
        },
        {
            "MTsite": "212",
            "id": "2",
            "mountCoordinate": "5.038823",
            "springLength": "0.004011"
        }
    ],
    "boundMaps": [
        {
            "MTsite": "200",
            "id": "3",
            "mountCoordinate": "5.018562",
            "springLength": "-0.023914"
        },
        {
            "MTsite": "215",
            "id": "0",
            "mountCoordinate": "5.045143",
            "springLength": "0.008428"
        }
    ],
    "unboundKinesins": [
        {
            "id": "3",
            "mountCoordinate": "5.185257"
        },
        {
            "id": "1",
            "mountCoordinate": "5.132944"
        }
    ],
    "unboundMaps": [
        {
            "id": "1",
            "mountCoordinate": "5.179268"
        },
        {
            "id": "4",
            "mountCoordinate": "5.177942"
        },
        {
            "id": "2",
            "mountCoordinate": "5.165236"
        }
    ]
}
