{
    "MTposition": "4.550000",
    "MTpositionStep": "0.000000",
    "unboundKinesins": [
        {
            "id": "0",
            "mountCoordinate": "5.005798"
        },
        {
            "id": "1",
            "mountCoordinate": "5.064467"
        },
        {
            "id": "2",
            "mountCoordinate": "5.122287"
        },
        {
            "id": "3",
            "mountCoordinate": "5.129285"
        },
        {
            "id": "4",
            "mountCoordinate": "5.068984"
        }
    ],
    "unboundMaps": [
        {
            "id": "0",
            "mountCoordinate": "5.044057"
        },
        {
            "id": "1",
            "mountCoordinate": "5.183614"
        },
        {
            "id": "2",
            "mountCoordinate": "5.187235"
        },
        {
            "id": "3",
            "mountCoordinate": "5.167297"
        },
        {
            "id": "4",
            "mountCoordinate": "5.022435"
        }
    ]
}
