{
    "MTposition": "4.216197",
    "MTpositionStep": "0.000488",
    "boundKinesins": [
        {
            "MTsite": "224",
            "id": "3",
            "mountCoordinate": "5.129285",
            "springLength": "-0.020480"
        },
        {
            "MTsite": "225",
            "id": "2",
            "mountCoordinate": "5.122287",
            "springLength": "-0.010143"
        },
        {
            "MTsite": "216",
            "id": "1",
            "mountCoordinate": "5.064467",
            "springLength": "0.011030"
        },
        {
            "MTsite": "205",
            "id": "0",
            "mountCoordinate": "5.005798",
            "springLength": "0.024230"
        }
    ],
    "boundMaps": [
        {
            "MTsite": "204",
            "id": "4",
            "mountCoordinate": "5.022435",
            "springLength": "0.005576"
        },
        {
            "MTsite": "202",
            "id": "0",
            "mountCoordinate": "5.044057",
            "springLength": "-0.025619"
        }
    ],
    "unboundKinesins": [
        {
            "id": "4",
            "mountCoordinate": "5.068984"
        }
    ],
    "unboundMaps": [
        {
            "id": "1",
            "mountCoordinate": "5.183614"
        },
        {
            "id": "2",
            "mountCoordinate": "5.187235"
        },
        {
            "id": "3",
            "mountCoordinate": "5.167297"
        }
    ]
}
