{
    "MTposition": "4.550000",
    "MTpositionStep": "0.000000",
    "unboundKinesins": [
        {
            "id": "0",
            "mountCoordinate": "5.160106"
        },
        {
            "id": "1",
            "mountCoordinate": "5.069300"
        },
        {
            "id": "2",
            "mountCoordinate": "5.194017"
        },
        {
            "id": "3",
            "mountCoordinate": "5.098057"
        },
        {
            "id": "4",
            "mountCoordinate": "5.066659"
        }
    ],
    "unboundMaps": [
        {
            "id": "0",
            "mountCoordinate": "5.066192"
        },
        {
            "id": "1",
            "mountCoordinate": "5.170922"
        },
        {
            "id": "2",
            "mountCoordinate": "5.166331"
        },
        {
            "id": "3",
            "mountCoordinate": "5.134234"
        },
        {
            "id": "4",
            "mountCoordinate": "5.168295"
        }
    ]
}
