{
    "MTposition": "4.550000",
    "MTpositionStep": "0.000000",
    "unboundKinesins": [
        {
            "id": "0",
            "mountCoordinate": "5.139213"
        },
        {
            "id": "1",
            "mountCoordinate": "5.086650"
        },
        {
            "id": "2",
            "mountCoordinate": "5.019765"
        },
        {
            "id": "3",
            "mountCoordinate": "5.036165"
        },
        {
            "id": "4",
            "mountCoordinate": "5.030124"
        }
    ],
    "unboundMaps": [
        {
            "id": "0",
            "mountCoordinate": "5.051836"
        },
        {
            "id": "1",
            "mountCoordinate": "5.124182"
        },
        {
            "id": "2",
            "mountCoordinate": "5.035038"
        },
        {
            "id": "3",
            "mountCoordinate": "5.054311"
        },
        {
            "id": "4",
            "mountCoordinate": "5.152251"
        }
    ]
}
