{
    "MTposition": "4.550000",
    "MTpositionStep": "0.000000",
    "unboundKinesins": [
        {
            "id": "0",
            "mountCoordinate": "5.140393"
        },
        {
            "id": "1",
            "mountCoordinate": "5.146101"
        },
        {
            "id": "2",
            "mountCoordinate": "5.127496"
        },
        {
            "id": "3",
            "mountCoordinate": "5.156007"
        },
        {
            "id": "4",
            "mountCoordinate": "5.169342"
        }
    ],
    "unboundMaps": [
        {
            "id": "0",
            "mountCoordinate": "5.178662"
        },
        {
            "id": "1",
            "mountCoordinate": "5.046928"
        },
        {
            "id": "2",
            "mountCoordinate": "5.002279"
        },
        {
            "id": "3",
            "mountCoordinate": "5.092811"
        },
        {
            "id": "4",
            "mountCoordinate": "5.160442"
        }
    ]
}
