{
    "MTposition": "4.230142",
    "MTpositionStep": "0.000866",
    "boundKinesins": [
        {
            "MTsite": "225",
            "id": "4",
            "mountCoordinate": "5.119511",
            "springLength": "0.004830"
        },
        {
            "MTsite": "225",
            "id": "3",
            "mountCoordinate": "5.121807",
            "springLength": "0.003792"
        }
    ],
    "boundMaps": [
        {
            "MTsite": "202",
            "id": "1",
            "mountCoordinate": "5.044901",
            "springLength": "-0.011841"
        },
        {
            "MTsite": "204",
            "id": "0",
            "mountCoordinate": "5.028293",
            "springLength": "0.013036"
        },
        {
            "MTsite": "223",
            "id": "4",
            "mountCoordinate": "5.126593",
            "springLength": "-0.009171"
        }
    ],
    "unboundKinesins": [
        {
            "id": "2",
            "mountCoordinate": "5.171124"
        },
        {
            "id": "0",
            "mountCoordinate": "5.180124"
        },
        {
            "id": "1",
            "mountCoordinate": "5.034539"
        }
    ],
    "unboundMaps": [
        {
            "id": "3",
            "mountCoordinate": "5.180636"
        },
        {
            "id": "2",
            "mountCoordinate": "5.139684"
        }
    ]
}
