{
    "MTposition": "4.249874",
    "MTpositionStep": "-0.000724",
    "boundKinesins": [
        {
            "MTsite": "225",
            "id": "1",
            "mountCoordinate": "5.146101",
            "springLength": "0.000321"
        },
        {
            "MTsite": "225",
            "id": "0",
            "mountCoordinate": "5.140393",
            "springLength": "0.006003"
        },
        {
            "MTsite": "223",
            "id": "2",
            "mountCoordinate": "5.127496",
            "springLength": "0.010306"
        }
    ],
    "boundMaps": [
        {
            "MTsite": "210",
            "id": "3",
            "mountCoordinate": "5.092811",
            "springLength": "-0.007145"
        },
        {
            "MTsite": "189",
            "id": "2",
            "mountCoordinate": "5.002279",
            "springLength": "0.001425"
        },
        {
            "MTsite": "201",
            "id": "1",
            "mountCoordinate": "5.046928",
            "springLength": "0.002826"
        }
    ],
    "unboundKinesins": [
        {
            "id": "4",
            "mountCoordinate": "5.169342"
        },
        {
            "id": "3",
            "mountCoordinate": "5.156007"
        }
    ],
    "unboundMaps": [
        {
            "id": "0",
            "mountCoordinate": "5.178662"
        },
        {
            "id": "4",
            "mountCoordinate": "5.160442"
        }
    ]
}
