{
    "MTposition": "4.550000",
    "MTpositionStep": "0.000000",
    "unboundKinesins": [
        {
            "id": "0",
            "mountCoordinate": "5.001133"
        },
        {
            "id": "1",
            "mountCoordinate": "5.161995"
        },
        {
            "id": "2",
            "mountCoordinate": "5.073378"
        },
        {
            "id": "3",
            "mountCoordinate": "5.165730"
        },
        {
            "id": "4",
            "mountCoordinate": "5.120597"
        }
    ],
    "unboundMaps": [
        {
            "id": "0",
            "mountCoordinate": "5.082012"
        },
        {
            "id": "1",
            "mountCoordinate": "5.045586"
        },
        {
            "id": "2",
            "mountCoordinate": "5.138385"
        },
        {
            "id": "3",
            "mountCoordinate": "5.049483"
        },
        {
            "id": "4",
            "mountCoordinate": "5.185741"
        }
    ]
}
