{
    "MTposition": "4.550000",
    "MTpositionStep": "0.000000",
    "unboundKinesins": [
        {
            "id": "0",
            "mountCoordinate": "5.183396"
        },
        {
            "id": "1",
            "mountCoordinate": "5.043651"
        },
        {
            "id": "2",
            "mountCoordinate": "5.081863"
        },
        {
            "id": "3",
            "mountCoordinate": "5.128612"
        },
        {
            "id": "4",
            "mountCoordinate": "5.141283"
        }
    ],
    "unboundMaps": [
        {
            "id": "0",
            "mountCoordinate": "5.120014"
        },
        {
            "id": "1",
            "mountCoordinate": "5.185479"
        },
        {
            "id": "2",
            "mountCoordinate": "5.139330"
        },
        {
            "id": "3",
            "mountCoordinate": "5.004720"
        },
        {
            "id": "4",
            "mountCoordinate": "5.088045"
        }
    ]
}
