{
    "MTposition": "4.550000",
    "MTpositionStep": "0.000000",
    "unboundKinesins": [
        {
            "id": "0",
            "mountCoordinate": "5.034165"
        },
        {
            "id": "1",
            "mountCoordinate": "5.057608"
        },
        {
            "id": "2",
            "mountCoordinate": "5.032849"
        },
        {
            "id": "3",
            "mountCoordinate": "5.079414"
        },
        {
            "id": "4",
            "mountCoordinate": "5.062756"
        }
    ],
    "unboundMaps": [
        {
            "id": "0",
            "mountCoordinate": "5.004285"
        },
        {
            "id": "1",
            "mountCoordinate": "5.097452"
        },
        {
            "id": "2",
            "mountCoordinate": "5.186930"
        },
        {
            "id": "3",
            "mountCoordinate": "5.164901"
        },
        {
            "id": "4",
            "mountCoordinate": "5.115151"
        }
    ]
}
