{
    "MTposition": "4.137335",
    "MTpositionStep": "0.001090",
    "boundKinesins": [
        {
            "MTsite": "224",
            "id": "4",
            "mountCoordinate": "5.047218",
            "springLength": "-0.020047"
        },
        {
            "MTsite": "224",
            "id": "2",
            "mountCoordinate": "5.025625",
            "springLength": "0.002449"
        }
    ],
    "unboundKinesins": [
        {
            "id": "3",
            "mountCoordinate": "5.199808"
        },
        {
            "id": "0",
            "mountCoordinate": "5.199437"
        },
        {
            "id": "1",
            "mountCoordinate": "5.186511"
        }
    ],
    "unboundMaps": [
        {
            "id": "3",
            "mountCoordinate": "5.187108"
        },
        {
            "id": "4",
            "mountCoordinate": "5.169262"
        },
        {
            "id": "2",
            "mountCoordinate": "5.133949"
        },
        {
            "id": "0",
            "mountCoordinate": "5.079316"
        },
        {
            "id": "1",
            "mountCoordinate": "5.077582"
        }
    ]
}
