{
    "MTposition": "4.550000",
    "MTpositionStep": "0.000000",
    "unboundKinesins": [
        {
            "id": "0",
            "mountCoordinate": "5.039153"
        },
        {
            "id": "1",
            "mountCoordinate": "5.084675"
        },
        {
            "id": "2",
            "mountCoordinate": "5.083603"
        },
        {
            "id": "3",
            "mountCoordinate": "5.089553"
        },
        {
            "id": "4",
            "mountCoordinate": "5.020306"
        }
    ],
    "unboundMaps": [
        {
            "id": "0",
            "mountCoordinate": "5.152225"
        },
        {
            "id": "1",
            "mountCoordinate": "5.067910"
        },
        {
            "id": "2",
            "mountCoordinate": "5.081668"
        },
        {
            "id": "3",
            "mountCoordinate": "5.161912"
        },
        {
            "id": "4",
            "mountCoordinate": "5.150241"
        }
    ]
}
