{
    "MTposition": "4.167747",
    "MTpositionStep": "0.000459",
    "boundKinesins": [
        {
            "MTsite": "225",
            "id": "4",
            "mountCoordinate": "5.061603",
            "springLength": "0.001680"
        },
        {
            "MTsite": "225",
            "id": "1",
            "mountCoordinate": "5.063794",
            "springLength": "0.000013"
        },
        {
            "MTsite": "225",
            "id": "0",
            "mountCoordinate": "5.045468",
            "springLength": "0.017519"
        }
    ],
    "boundMaps": [
        {
            "MTsite": "204",
            "id": "3",
            "mountCoordinate": "5.003182",
            "springLength": "-0.024338"
        },
        {
            "MTsite": "212",
            "id": "1",
            "mountCoordinate": "5.017349",
            "springLength": "-0.007080"
        },
        {
            "MTsite": "225",
            "id": "0",
            "mountCoordinate": "5.052774",
            "springLength": "0.009760"
        }
    ],
    "unboundKinesins": [
        {
            "id": "2",
            "mountCoordinate": "5.195645"
        },
        {
            "id": "3",
            "mountCoordinate": "5.091117"
        }
    ],
    "unboundMaps": [
        {
            "id": "4",
            "mountCoordinate": "5.105553"
        },
        {
            "id": "2",
            "mountCoordinate": "5.083874"
        }
    ]
}
