{
    "MTposition": "4.550000",
    "MTpositionStep": "0.000000",
    "unboundKinesins": [
        {
            "id": "0",
            "mountCoordinate": "5.011036"
        },
        {
            "id": "1",
            "mountCoordinate": "5.166266"
        },
        {
            "id": "2",
            "mountCoordinate": "5.072747"
        },
        {
            "id": "3",
            "mountCoordinate": "5.195889"
        },
        {
            "id": "4",
            "mountCoordinate": "5.017964"
        }
    ],
    "unboundMaps": [
        {
            "id": "0",
            "mountCoordinate": "5.079347"
        },
        {
            "id": "1",
            "mountCoordinate": "5.070828"
        },
        {
            "id": "2",
            "mountCoordinate": "5.097328"
        },
        {
            "id": "3",
            "mountCoordinate": "5.198164"
        },
        {
            "id": "4",
            "mountCoordinate": "5.161656"
        }
    ]
}
