{
    "MTposition": "4.131001",
    "MTpositionStep": "-0.001187",
    "boundKinesins": [
        {
            "MTsite": "224",
            "id": "8",
            "mountCoordinate": "5.018562",
            "springLength": "0.005527"
        },
        {
            "MTsite": "225",
            "id": "5",
            "mountCoordinate": "5.045143",
            "springLength": "-0.016731"
        },
        {
            "MTsite": "224",
            "id": "4",
            "mountCoordinate": "5.021035",
            "springLength": "0.001968"
        },
        {
            "MTsite": "224",
            "id": "0",
            "mountCoordinate": "5.013661",
            "springLength": "0.010144"
        }
    ],
    "unboundKinesins": [
        {
            "id": "3",
            "mountCoordinate": "5.185257"
        },
        {
            "id": "6",
            "mountCoordinate": "5.179268"
        },
        {
            "id": "9",
            "mountCoordinate": "5.177942"
        },
        {
            "id": "7",
            "mountCoordinate": "5.165236"
        },
        {
            "id": "10",
            "mountCoordinate": "5.142752"
        },
        {
            "id": "1",
            "mountCoordinate": "5.132944"
        },
        {
            "id": "11",
            "mountCoordinate": "5.103580"
        },
        {
            "id": "2",
            "mountCoordinate": "5.038823"
        }
    ],
    "unboundMaps": [
        {
            "id": "0",
            "mountCoordinate": "5.157078"
        },
        {
            "id": "2",
            "mountCoordinate": "5.147367"
        },
        {
            "id": "3",
            "mountCoordinate": "5.134502"
        },
        {
            "id": "1",
            "mountCoordinate": "5.117533"
        }
    ]
}
