{
    "MTposition": "4.118536",
    "MTpositionStep": "-0.000350",
    "boundKinesins": [
        {
            "MTsite": "224",
            "id": "2",
            "mountCoordinate": "5.017287",
            "springLength": "-0.005673"
        },
        {
            "MTsite": "224",
            "id": "5",
            "mountCoordinate": "5.006793",
            "springLength": "0.003159"
        },
        {
            "MTsite": "225",
            "id": "7",
            "mountCoordinate": "5.016505",
            "springLength": "-0.001241"
        }
    ],
    "unboundKinesins": [
        {
            "id": "11",
            "mountCoordinate": "5.196729"
        },
        {
            "id": "1",
            "mountCoordinate": "5.174677"
        },
        {
            "id": "8",
            "mountCoordinate": "5.145191"
        },
        {
            "id": "3",
            "mountCoordinate": "5.144720"
        },
        {
            "id": "10",
            "mountCoordinate": "5.135200"
        },
        {
            "id": "0",
            "mountCoordinate": "5.089244"
        },
        {
            "id": "4",
            "mountCoordinate": "5.070096"
        },
        {
            "id": "9",
            "mountCoordinate": "5.074567"
        },
        {
            "id": "6",
            "mountCoordinate": "5.059087"
        }
    ],
    "unboundMaps": [
        {
            "id": "1",
            "mountCoordinate": "5.182508"
        },
        {
            "id": "0",
            "mountCoordinate": "5.096306"
        },
        {
            "id": "3",
            "mountCoordinate": "5.029595"
        },
        {
            "id": "2",
            "mountCoordinate": "5.037975"
        }
    ]
}
