{
    "MTposition": "4.550000",
    "MTpositionStep": "0.000000",
    "unboundKinesins": [
        {
            "id": "0",
            "mountCoordinate": "5.059752"
        },
        {
            "id": "1",
            "mountCoordinate": "5.098918"
        },
        {
            "id": "2",
            "mountCoordinate": "5.088603"
        },
        {
            "id": "3",
            "mountCoordinate": "5.166382"
        },
        {
            "id": "4",
            "mountCoordinate": "5.116664"
        },
        {
            "id": "5",
            "mountCoordinate": "5.005034"
        },
        {
            "id": "6",
            "mountCoordinate": "5.141842"
        },
        {
            "id": "7",
            "mountCoordinate": "5.053113"
        },
        {
            "id": "8",
            "mountCoordinate": "5.052721"
        },
        {
            "id": "9",
            "mountCoordinate": "5.030076"
        },
        {
            "id": "10",
            "mountCoordinate": "5.136764"
        },
        {
            "id": "11",
            "mountCoordinate": "5.163320"
        }
    ],
    "unboundMaps": [
        {
            "id": "0",
            "mountCoordinate": "5.067214"
        },
        {
            "id": "1",
            "mountCoordinate": "5.178163"
        },
        {
            "id": "2",
            "mountCoordinate": "5.039624"
        },
        {
            "id": "3",
            "mountCoordinate": "5.006123"
        }
    ]
}
