{
    "MTposition": "4.550000",
    "MTpositionStep": "0.000000",
    "unboundKinesins": [
        {
            "id": "0",
            "mountCoordinate": "5.013661"
        },
        {
            "id": "1",
            "mountCoordinate": "5.132944"
        },
        {
            "id": "2",
            "mountCoordinate": "5.038823"
        },
        {
            "id": "3",
            "mountCoordinate": "5.185257"
        },
        {
            "id": "4",
            "mountCoordinate": "5.021035"
        },
        {
            "id": "5",
            "mountCoordinate": "5.045143"
        },
        {
            "id": "6",
            "mountCoordinate": "5.179268"
        },
        {
            "id": "7",
            "mountCoordinate": "5.165236"
        },
        {
            "id": "8",
            "mountCoordinate": "5.018562"
        },
        {
            "id": "9",
            "mountCoordinate": "5.177942"
        },
        {
            "id": "10",
            "mountCoordinate": "5.142752"
        },
        {
            "id": "11",
            "mountCoordinate": "5.103580"
        }
    ],
    "unboundMaps": [
        {
            "id": "0",
            "mountCoordinate": "5.157078"
        },
        {
            "id": "1",
            "mountCoordinate": "5.117533"
        },
        {
            "id": "2",
            "mountCoordinate": "5.147367"
        },
        {
            "id": "3",
            "mountCoordinate": "5.134502"
        }
    ]
}
