{
    "MTposition": "4.152352",
    "MTpositionStep": "-0.000017",
    "boundKinesins": [
        {
            "MTsite": "225",
            "id": "7",
            "mountCoordinate": "5.053113",
            "springLength": "-0.005025"
        },
        {
            "MTsite": "224",
            "id": "8",
            "mountCoordinate": "5.052721",
            "springLength": "-0.007771"
        },
        {
            "MTsite": "225",
            "id": "9",
            "mountCoordinate": "5.030076",
            "springLength": "0.016730"
        },
        {
            "MTsite": "225",
            "id": "0",
            "mountCoordinate": "5.059752",
            "springLength": "-0.011973"
        }
    ],
    "boundMaps": [
        {
            "MTsite": "218",
            "id": "3",
            "mountCoordinate": "5.006123",
            "springLength": "0.014225"
        },
        {
            "MTsite": "223",
            "id": "2",
            "mountCoordinate": "5.039624",
            "springLength": "0.000911"
        }
    ],
    "unboundKinesins": [
        {
            "id": "3",
            "mountCoordinate": "5.166382"
        },
        {
            "id": "11",
            "mountCoordinate": "5.163320"
        },
        {
            "id": "6",
            "mountCoordinate": "5.141842"
        },
        {
            "id": "10",
            "mountCoordinate": "5.136764"
        },
        {
            "id": "4",
            "mountCoordinate": "5.116664"
        },
        {
            "id": "1",
            "mountCoordinate": "5.098918"
        },
        {
            "id": "2",
            "mountCoordinate": "5.088603"
        },
        {
            "id": "5",
            "mountCoordinate": "5.005034"
        }
    ],
    "unboundMaps": [
        {
            "id": "1",
            "mountCoordinate": "5.178163"
        },
        {
            "id": "0",
            "mountCoordinate": "5.067214"
        }
    ]
}
