{
    "MTposition": "4.550000",
    "MTpositionStep": "0.000000",
    "unboundKinesins": [
        {
            "id": "0",
            "mountCoordinate": "5.089244"
        },
        {
            "id": "1",
            "mountCoordinate": "5.174677"
        },
        {
            "id": "2",
            "mountCoordinate": "5.017287"
        },
        {
            "id": "3",
            "mountCoordinate": "5.144720"
        },
        {
            "id": "4",
            "mountCoordinate": "5.070096"
        },
        {
            "id": "5",
            "mountCoordinate": "5.006793"
        },
        {
            "id": "6",
            "mountCoordinate": "5.059087"
        },
        {
            "id": "7",
            "mountCoordinate": "5.016505"
        },
        {
            "id": "8",
            "mountCoordinate": "5.145191"
        },
        {
            "id": "9",
            "mountCoordinate": "5.074567"
        },
        {
            "id": "10",
            "mountCoordinate": "5.135200"
        },
        {
            "id": "11",
            "mountCoordinate": "5.196729"
        }
    ],
    "unboundMaps": [
        {
            "id": "0",
            "mountCoordinate": "5.096306"
        },
        {
            "id": "1",
            "mountCoordinate": "5.182508"
        },
        {
            "id": "2",
            "mountCoordinate": "5.037975"
        },
        {
            "id": "3",
            "mountCoordinate": "5.029595"
        }
    ]
}
