{
    "MTposition": "4.900000",
    "MTpositionStep": "0.000000",
    "unboundKinesins": [
        {
            "id": "0",
            "mountCoordinate": "5.169107"
        },
        {
            "id": "1",
            "mountCoordinate": "5.150986"
        },
        {
            "id": "2",
            "mountCoordinate": "5.038233"
        },
        {
            "id": "3",
            "mountCoordinate": "5.170033"
        },
        {
            "id": "4",
            "mountCoordinate": "5.023411"
        },
        {
            "id": "5",
            "mountCoordinate": "5.163074"
        },
        {
            "id": "6",
            "mountCoordinate": "5.043577"
        }
    ]
}
