{
    "MTposition": "4.663192",
    "MTpositionStep": "-0.001096",
    "boundKinesins": [
        {
            "MTsite": "90",
            "id": "4",
            "mountCoordinate": "5.023411",
            "springLength": "-0.003482"
        },
        {
            "MTsite": "98",
            "id": "6",
            "mountCoordinate": "5.043577",
            "springLength": "0.009043"
        },
        {
            "MTsite": "94",
            "id": "2",
            "mountCoordinate": "5.038233",
            "springLength": "-0.003950"
        }
    ],
    "unboundKinesins": [
        {
            "id": "0",
            "mountCoordinate": "5.169107"
        },
        {
            "id": "3",
            "mountCoordinate": "5.170033"
        },
        {
            "id": "5",
            "mountCoordinate": "5.163074"
        },
        {
            "id": "1",
            "mountCoordinate": "5.150986"
        }
    ]
}
