{
    "MTposition": "4.900000",
    "MTpositionStep": "0.000000",
    "unboundMaps": [
        {
            "id": "0",
            "mountCoordinate": "5.072346"
        },
        {
            "id": "1",
            "mountCoordinate": "5.034465"
        },
        {
            "id": "2",
            "mountCoordinate": "5.134423"
        },
        {
            "id": "3",
            "mountCoordinate": "5.121570"
        },
        {
            "id": "4",
            "mountCoordinate": "5.133943"
        },
        {
            "id": "5",
            "mountCoordinate": "5.119649"
        },
        {
            "id": "6",
            "mountCoordinate": "5.025699"
        }
    ]
}
