{
    "MTposition": "5.020145",
    "MTpositionStep": "0.000771",
    "boundMaps": [
        {
            "MTsite": "26",
            "id": "4",
            "mountCoordinate": "5.133943",
            "springLength": "-0.013995"
        },
        {
            "MTsite": "4",
            "id": "1",
            "mountCoordinate": "5.034465",
            "springLength": "-0.003890"
        },
        {
            "MTsite": "4",
            "id": "6",
            "mountCoordinate": "5.025699",
            "springLength": "0.005948"
        },
        {
            "MTsite": "14",
            "id": "0",
            "mountCoordinate": "5.072346",
            "springLength": "-0.001682"
        },
        {
            "MTsite": "32",
            "id": "2",
            "mountCoordinate": "5.134423",
            "springLength": "0.008669"
        }
    ],
    "unboundMaps": [
        {
            "id": "3",
            "mountCoordinate": "5.121570"
        },
        {
            "id": "5",
            "mountCoordinate": "5.119649"
        }
    ]
}
