{
    "MTposition": "4.797171",
    "MTpositionStep": "0.001936",
    "boundMaps": [
        {
            "MTsite": "81",
            "id": "0",
            "mountCoordinate": "5.098036",
            "springLength": "0.015122"
        },
        {
            "MTsite": "71",
            "id": "6",
            "mountCoordinate": "5.074980",
            "springLength": "-0.000614"
        },
        {
            "MTsite": "96",
            "id": "5",
            "mountCoordinate": "5.182175",
            "springLength": "-0.007085"
        },
        {
            "MTsite": "95",
            "id": "3",
            "mountCoordinate": "5.166721",
            "springLength": "0.003780"
        },
        {
            "MTsite": "88",
            "id": "2",
            "mountCoordinate": "5.147558",
            "springLength": "-0.004367"
        },
        {
            "MTsite": "97",
            "id": "4",
            "mountCoordinate": "5.180567",
            "springLength": "-0.001138"
        },
        {
            "MTsite": "80",
            "id": "1",
            "mountCoordinate": "5.112551",
            "springLength": "-0.000832"
        }
    ]
}
