{
    "MTposition": "4.900000",
    "MTpositionStep": "0.000000",
    "unboundMaps": [
        {
            "id": "0",
            "mountCoordinate": "5.098036"
        },
        {
            "id": "1",
            "mountCoordinate": "5.112551"
        },
        {
            "id": "2",
            "mountCoordinate": "5.147558"
        },
        {
            "id": "3",
            "mountCoordinate": "5.166721"
        },
        {
            "id": "4",
            "mountCoordinate": "5.180567"
        },
        {
            "id": "5",
            "mountCoordinate": "5.182175"
        },
        {
            "id": "6",
            "mountCoordinate": "5.074980"
        }
    ]
}
