{
    "MTposition": "1.948480",
    "MTpositionStep": "-0.000225",
    "unboundKinesins": [
        {
            "id": "0",
            "mountCoordinate": "5.191589"
        },
        {
            "id": "2",
            "mountCoordinate": "5.189150"
        },
        {
            "id": "1",
            "mountCoordinate": "5.190019"
        },
        {
            "id": "4",
            "mountCoordinate": "5.041765"
        },
        {
            "id": "3",
            "mountCoordinate": "5.002364"
        }
    ]
}
