{
    "MTposition": "4.800000",
    "MTpositionStep": "0.000000",
    "unboundKinesins": [
        {
            "id": "0",
            "mountCoordinate": "5.191589"
        },
        {
            "id": "1",
            "mountCoordinate": "5.190019"
        },
        {
            "id": "2",
            "mountCoordinate": "5.189150"
        },
        {
            "id": "3",
            "mountCoordinate": "5.002364"
        },
        {
            "id": "4",
            "mountCoordinate": "5.041765"
        }
    ]
}
