{
    "MTposition": "4.800000",
    "MTpositionStep": "0.000000",
    "unboundKinesins": [
        {
            "id": "0",
            "mountCoordinate": "5.071667"
        },
        {
            "id": "1",
            "mountCoordinate": "5.180589"
        },
        {
            "id": "2",
            "mountCoordinate": "5.078447"
        },
        {
            "id": "3",
            "mountCoordinate": "5.003269"
        },
        {
            "id": "4",
            "mountCoordinate": "5.038618"
        }
    ]
}
