{
    "MTposition": "4.503152",
    "MTpositionStep": "0.000256",
    "boundMaps": [
        {
            "MTsite": "146",
            "id": "2",
            "mountCoordinate": "5.085935",
            "springLength": "-0.003323"
        },
        {
            "MTsite": "128",
            "id": "5",
            "mountCoordinate": "5.014654",
            "springLength": "-0.003631"
        },
        {
            "MTsite": "147",
            "id": "1",
            "mountCoordinate": "5.113795",
            "springLength": "-0.026402"
        },
        {
            "MTsite": "141",
            "id": "4",
            "mountCoordinate": "5.059844",
            "springLength": "0.003001"
        },
        {
            "MTsite": "171",
            "id": "3",
            "mountCoordinate": "5.166449",
            "springLength": "0.016704"
        }
    ],
    "unboundMaps": [
        {
            "id": "0",
            "mountCoordinate": "5.167970"
        }
    ]
}
