{
    "MTposition": "4.500000",
    "MTpositionStep": "0.000000",
    "unboundMaps": [
        {
            "id": "0",
            "mountCoordinate": "5.167970"
        },
        {
            "id": "1",
            "mountCoordinate": "5.113795"
        },
        {
            "id": "2",
            "mountCoordinate": "5.085935"
        },
        {
            "id": "3",
            "mountCoordinate": "5.166449"
        },
        {
            "id": "4",
            "mountCoordinate": "5.059844"
        },
        {
            "id": "5",
            "mountCoordinate": "5.014654"
        }
    ]
}
