{
    "MTposition": "4.290890",
    "MTpositionStep": "0.000763",
    "boundKinesins": [
        {
            "MTsite": "220",
            "id": "2",
            "mountCoordinate": "5.171124",
            "springLength": "-0.004617"
        },
        {
            "MTsite": "212",
            "id": "4",
            "mountCoordinate": "5.119511",
            "springLength": "0.014157"
        },
        {
            "MTsite": "213",
            "id": "3",
            "mountCoordinate": "5.121807",
            "springLength": "0.015460"
        },
        {
            "MTsite": "191",
            "id": "1",
            "mountCoordinate": "5.034539",
            "springLength": "0.015264"
        },
        {
            "MTsite": "224",
            "id": "0",
            "mountCoordinate": "5.180124",
            "springLength": "0.002815"
        }
    ],
    "boundMaps": [
        {
            "MTsite": "190",
            "id": "1",
            "mountCoordinate": "5.044901",
            "springLength": "0.002736"
        },
        {
            "MTsite": "207",
            "id": "4",
            "mountCoordinate": "5.126593",
            "springLength": "-0.014524"
        },
        {
            "MTsite": "223",
            "id": "3",
            "mountCoordinate": "5.180636",
            "springLength": "-0.002837"
        },
        {
            "MTsite": "185",
            "id": "0",
            "mountCoordinate": "5.028293",
            "springLength": "-0.003210"
        },
        {
            "MTsite": "209",
            "id": "2",
            "mountCoordinate": "5.139684",
            "springLength": "-0.018533"
        }
    ]
}
