{
    "MTposition": "4.228533",
    "MTpositionStep": "0.001165",
    "boundKinesins": [
        {
            "MTsite": "207",
            "id": "4",
            "mountCoordinate": "5.047218",
            "springLength": "0.002977"
        }
    ],
    "boundMaps": [
        {
            "MTsite": "222",
            "id": "2",
            "mountCoordinate": "5.133949",
            "springLength": "-0.022207"
        },
        {
            "MTsite": "214",
            "id": "0",
            "mountCoordinate": "5.079316",
            "springLength": "-0.000207"
        },
        {
            "MTsite": "213",
            "id": "1",
            "mountCoordinate": "5.077582",
            "springLength": "-0.002559"
        }
    ],
    "unboundKinesins": [
        {
            "id": "3",
            "mountCoordinate": "5.199808"
        },
        {
            "id": "0",
            "mountCoordinate": "5.199437"
        },
        {
            "id": "1",
            "mountCoordinate": "5.186511"
        },
        {
            "id": "2",
            "mountCoordinate": "5.025625"
        }
    ],
    "unboundMaps": [
        {
            "id": "3",
            "mountCoordinate": "5.187108"
        },
        {
            "id": "4",
            "mountCoordinate": "5.169262"
        }
    ]
}
