{
    "MTposition": "4.186344",
    "MTpositionStep": "0.001000",
    "boundKinesins": [
        {
            "MTsite": "224",
            "id": "1",
            "mountCoordinate": "5.098918",
            "springLength": "-0.021102"
        },
        {
            "MTsite": "225",
            "id": "2",
            "mountCoordinate": "5.088603",
            "springLength": "-0.009052"
        }
    ],
    "boundMaps": [
        {
            "MTsite": "206",
            "id": "0",
            "mountCoordinate": "5.005034",
            "springLength": "0.001793"
        },
        {
            "MTsite": "217",
            "id": "4",
            "mountCoordinate": "5.030076",
            "springLength": "0.018374"
        },
        {
            "MTsite": "215",
            "id": "3",
            "mountCoordinate": "5.052721",
            "springLength": "-0.011804"
        },
        {
            "MTsite": "219",
            "id": "2",
            "mountCoordinate": "5.053113",
            "springLength": "0.003459"
        }
    ],
    "unboundKinesins": [
        {
            "id": "3",
            "mountCoordinate": "5.166382"
        },
        {
            "id": "4",
            "mountCoordinate": "5.116664"
        },
        {
            "id": "0",
            "mountCoordinate": "5.059752"
        }
    ],
    "unboundMaps": [
        {
            "id": "1",
            "mountCoordinate": "5.141842"
        }
    ]
}
