{
    "MTposition": "4.124795",
    "MTpositionStep": "0.001166",
    "boundKinesins": [
        {
            "MTsite": "225",
            "id": "0",
            "mountCoordinate": "5.014145",
            "springLength": "0.006880"
        },
        {
            "MTsite": "225",
            "id": "2",
            "mountCoordinate": "5.024266",
            "springLength": "-0.003337"
        }
    ],
    "boundMaps": [
        {
            "MTsite": "221",
            "id": "3",
            "mountCoordinate": "5.018710",
            "springLength": "-0.014803"
        },
        {
            "MTsite": "223",
            "id": "0",
            "mountCoordinate": "5.003750",
            "springLength": "0.007017"
        }
    ],
    "unboundKinesins": [
        {
            "id": "1",
            "mountCoordinate": "5.167990"
        },
        {
            "id": "3",
            "mountCoordinate": "5.113862"
        },
        {
            "id": "4",
            "mountCoordinate": "5.087412"
        }
    ],
    "unboundMaps": [
        {
            "id": "4",
            "mountCoordinate": "5.138965"
        },
        {
            "id": "2",
            "mountCoordinate": "5.049578"
        },
        {
            "id": "1",
            "mountCoordinate": "5.008126"
        }
    ]
}
