{
    "MTposition": "4.111081",
    "MTpositionStep": "0.001499",
    "boundKinesins": [
        {
            "MTsite": "224",
            "id": "0",
            "mountCoordinate": "5.002223",
            "springLength": "-0.001752"
        }
    ],
    "unboundKinesins": [
        {
            "id": "3",
            "mountCoordinate": "5.163292"
        },
        {
            "id": "2",
            "mountCoordinate": "5.075503"
        },
        {
            "id": "4",
            "mountCoordinate": "5.084470"
        },
        {
            "id": "1",
            "mountCoordinate": "5.047888"
        }
    ],
    "unboundMaps": [
        {
            "id": "3",
            "mountCoordinate": "5.174418"
        },
        {
            "id": "4",
            "mountCoordinate": "5.185288"
        },
        {
            "id": "1",
            "mountCoordinate": "5.153213"
        },
        {
            "id": "0",
            "mountCoordinate": "5.122407"
        },
        {
            "id": "2",
            "mountCoordinate": "5.080385"
        }
    ]
}
