{
    "MTposition": "4.169711",
    "MTpositionStep": "0.000427",
    "boundKinesins": [
        {
            "MTsite": "224",
            "id": "1",
            "mountCoordinate": "5.063794",
            "springLength": "-0.002996"
        },
        {
            "MTsite": "224",
            "id": "4",
            "mountCoordinate": "5.061603",
            "springLength": "-0.001110"
        },
        {
            "MTsite": "225",
            "id": "0",
            "mountCoordinate": "5.045468",
            "springLength": "0.018523"
        }
    ],
    "boundMaps": [
        {
            "MTsite": "211",
            "id": "3",
            "mountCoordinate": "5.003182",
            "springLength": "0.003904"
        },
        {
            "MTsite": "221",
            "id": "0",
            "mountCoordinate": "5.052774",
            "springLength": "-0.004352"
        },
        {
            "MTsite": "209",
            "id": "1",
            "mountCoordinate": "5.017349",
            "springLength": "-0.014508"
        }
    ],
    "unboundKinesins": [
        {
            "id": "2",
            "mountCoordinate": "5.195645"
        },
        {
            "id": "3",
            "mountCoordinate": "5.091117"
        }
    ],
    "unboundMaps": [
        {
            "id": "4",
            "mountCoordinate": "5.105553"
        },
        {
            "id": "2",
            "mountCoordinate": "5.083874"
        }
    ]
}
