{
    "MTposition": "4.164372",
    "MTpositionStep": "-0.000663",
    "boundKinesins": [
        {
            "MTsite": "225",
            "id": "4",
            "mountCoordinate": "5.064107",
            "springLength": "-0.002154"
        }
    ],
    "boundMaps": [
        {
            "MTsite": "215",
            "id": "0",
            "mountCoordinate": "5.030885",
            "springLength": "-0.008300"
        },
        {
            "MTsite": "217",
            "id": "2",
            "mountCoordinate": "5.023990",
            "springLength": "0.004585"
        }
    ],
    "unboundKinesins": [
        {
            "id": "2",
            "mountCoordinate": "5.189546"
        },
        {
            "id": "1",
            "mountCoordinate": "5.186308"
        },
        {
            "id": "3",
            "mountCoordinate": "5.096950"
        },
        {
            "id": "0",
            "mountCoordinate": "5.037016"
        }
    ],
    "unboundMaps": [
        {
            "id": "4",
            "mountCoordinate": "5.126548"
        },
        {
            "id": "1",
            "mountCoordinate": "5.139773"
        },
        {
            "id": "3",
            "mountCoordinate": "5.097035"
        }
    ]
}
