{
    "MTposition": "4.146153",
    "MTpositionStep": "0.000731",
    "boundKinesins": [
        {
            "MTsite": "222",
            "id": "2",
            "mountCoordinate": "5.012851",
            "springLength": "0.017073"
        },
        {
            "MTsite": "225",
            "id": "1",
            "mountCoordinate": "5.041881",
            "springLength": "-0.001543"
        }
    ],
    "boundMaps": [
        {
            "MTsite": "217",
            "id": "0",
            "mountCoordinate": "5.019894",
            "springLength": "-0.010817"
        }
    ],
    "unboundKinesins": [
        {
            "id": "4",
            "mountCoordinate": "5.197006"
        },
        {
            "id": "0",
            "mountCoordinate": "5.189495"
        },
        {
            "id": "3",
            "mountCoordinate": "5.074022"
        }
    ],
    "unboundMaps": [
        {
            "id": "4",
            "mountCoordinate": "5.165042"
        },
        {
            "id": "1",
            "mountCoordinate": "5.121695"
        },
        {
            "id": "2",
            "mountCoordinate": "5.106079"
        },
        {
            "id": "3",
            "mountCoordinate": "5.096567"
        }
    ]
}
