{
    "MTposition": "4.747960",
    "MTpositionStep": "0.000584",
    "boundMaps": [
        {
            "MTsite": "104",
            "id": "3",
            "mountCoordinate": "5.144720",
            "springLength": "0.014003"
        },
        {
            "MTsite": "105",
            "id": "1",
            "mountCoordinate": "5.174677",
            "springLength": "-0.012557"
        },
        {
            "MTsite": "83",
            "id": "4",
            "mountCoordinate": "5.070096",
            "springLength": "0.004920"
        },
        {
            "MTsite": "88",
            "id": "0",
            "mountCoordinate": "5.089244",
            "springLength": "0.006066"
        }
    ],
    "unboundMaps": [
        {
            "id": "5",
            "mountCoordinate": "5.006793"
        },
        {
            "id": "2",
            "mountCoordinate": "5.017287"
        }
    ]
}
