{
    "MTposition": "4.600000",
    "MTpositionStep": "0.000000",
    "unboundMaps": [
        {
            "id": "0",
            "mountCoordinate": "5.089244"
        },
        {
            "id": "1",
            "mountCoordinate": "5.174677"
        },
        {
            "id": "2",
            "mountCoordinate": "5.017287"
        },
        {
            "id": "3",
            "mountCoordinate": "5.144720"
        },
        {
            "id": "4",
            "mountCoordinate": "5.070096"
        },
        {
            "id": "5",
            "mountCoordinate": "5.006793"
        }
    ]
}
