{
    "MTposition": "4.550000",
    "MTpositionStep": "0.000000",
    "unboundMaps": [
        {
            "id": "0",
            "mountCoordinate": "5.156718"
        },
        {
            "id": "1",
            "mountCoordinate": "5.070167"
        },
        {
            "id": "2",
            "mountCoordinate": "5.035395"
        },
        {
            "id": "3",
            "mountCoordinate": "5.174273"
        },
        {
            "id": "4",
            "mountCoordinate": "5.014133"
        },
        {
            "id": "5",
            "mountCoordinate": "5.103686"
        }
    ]
}
