{
    "MTposition": "4.458163",
    "MTpositionStep": "0.000488",
    "boundMaps": [
        {
            "MTsite": "147",
            "id": "2",
            "mountCoordinate": "5.035395",
            "springLength": "0.006255"
        },
        {
            "MTsite": "175",
            "id": "0",
            "mountCoordinate": "5.156718",
            "springLength": "-0.003015"
        },
        {
            "MTsite": "153",
            "id": "1",
            "mountCoordinate": "5.070167",
            "springLength": "-0.004038"
        },
        {
            "MTsite": "143",
            "id": "4",
            "mountCoordinate": "5.014133",
            "springLength": "0.011746"
        },
        {
            "MTsite": "165",
            "id": "5",
            "mountCoordinate": "5.103686",
            "springLength": "0.011035"
        },
        {
            "MTsite": "174",
            "id": "3",
            "mountCoordinate": "5.174273",
            "springLength": "-0.025525"
        }
    ]
}
