{
    "MTposition": "4.111901",
    "MTpositionStep": "-0.000648",
    "boundKinesins": [
        {
            "MTsite": "225",
            "id": "2",
            "mountCoordinate": "5.017287",
            "springLength": "-0.010238"
        },
        {
            "MTsite": "225",
            "id": "5",
            "mountCoordinate": "5.006793",
            "springLength": "0.000249"
        }
    ],
    "unboundKinesins": [
        {
            "id": "1",
            "mountCoordinate": "5.174677"
        },
        {
            "id": "3",
            "mountCoordinate": "5.144720"
        },
        {
            "id": "0",
            "mountCoordinate": "5.089244"
        },
        {
            "id": "4",
            "mountCoordinate": "5.070096"
        }
    ]
}
