{
    "MTposition": "4.800000",
    "MTpositionStep": "0.000000",
    "unboundKinesins": [
        {
            "id": "0",
            "mountCoordinate": "5.121468"
        },
        {
            "id": "1",
            "mountCoordinate": "5.171887"
        },
        {
            "id": "2",
            "mountCoordinate": "5.178597"
        },
        {
            "id": "3",
            "mountCoordinate": "5.035831"
        },
        {
            "id": "4",
            "mountCoordinate": "5.151717"
        },
        {
            "id": "5",
            "mountCoordinate": "5.150332"
        }
    ]
}
