{
    "MTposition": "4.414293",
    "MTpositionStep": "-0.000108",
    "unboundKinesins": [
        {
            "id": "1",
            "mountCoordinate": "5.174677"
        },
        {
            "id": "3",
            "mountCoordinate": "5.144720"
        },
        {
            "id": "4",
            "mountCoordinate": "5.070096"
        },
        {
            "id": "0",
            "mountCoordinate": "5.089244"
        },
        {
            "id": "5",
            "mountCoordinate": "5.006793"
        },
        {
            "id": "2",
            "mountCoordinate": "5.017287"
        }
    ]
}
