{
    "MTposition": "4.444663",
    "MTpositionStep": "-0.000697",
    "boundKinesins": [
        {
            "MTsite": "149",
            "id": "3",
            "mountCoordinate": "5.035831",
            "springLength": "0.001864"
        }
    ],
    "unboundKinesins": [
        {
            "id": "1",
            "mountCoordinate": "5.171887"
        },
        {
            "id": "2",
            "mountCoordinate": "5.178597"
        },
        {
            "id": "5",
            "mountCoordinate": "5.150332"
        },
        {
            "id": "4",
            "mountCoordinate": "5.151717"
        },
        {
            "id": "0",
            "mountCoordinate": "5.121468"
        }
    ]
}
